car_sale_id,Maker,Genmodel,Genmodel_ID,2020,2019,2018,2017,2016,2015,2014,2013,2012,2011,2010,2009,2008,2007,2006,2005,2004,2003,2002,2001
566189E2-7FE5-9DDF-7B8A-D3182C087535,ABARTH,ABARTH 124,2_1,0,19,27,60,0,0,0,0,0,0,0,0,0,0,0,0,0,0,0,0
AE2C826E-0BA1-919D-77C9-5B73193E0621,ABARTH,ABARTH 500,2_2,0,0,1,2,66,717,762,545,763,882,915,766,0,0,0,0,0,0,0,0
3A228546-51BF-20D1-7BF4-0CACF6E09042,ABARTH,ABARTH 595,2_4,2144,2866,3907,3295,3132,1612,516,491,165,0,0,0,0,0,0,0,0,0,0,0
57555386-8DE0-8641-7B22-CA0402EB010B,ABARTH,ABARTH 695,2_6,45,65,270,114,29,10,14,0,0,0,0,0,0,0,0,0,0,0,0,0
343EAADB-5A16-2ED1-0493-5B6D772961E7,ABARTH,ABARTH PUNTO,2_9,0,0,0,0,0,0,56,75,90,120,97,172,74,0,0,0,0,0,0,0
B349C23E-1D04-1AE4-0422-6D0A30C76E8B,ABARTH,ABARTH SPIDER,2_1,0,223,777,409,176,0,0,0,0,0,0,0,0,0,0,0,0,0,0,0
606CA3A3-565E-23CD-3A31-B184F1070A64,ACURA,ACURA TL,100_1,0,0,0,0,0,0,0,1,0,0,0,1,0,1,1,0,0,0,0,0
A31158E2-963E-957A-537F-030F530C4F84,AIXAM,AIXAM 500,3_3,0,0,0,0,0,0,0,0,0,0,0,0,0,0,0,5,4,4,4,0
D634BB36-6C28-6FBC-555F-6A92804223B7,AIXAM,AIXAM A751,3_4,0,0,0,0,0,0,0,0,0,0,1,4,13,10,23,13,0,0,0,0
E40AAD90-7EEF-2B90-0EDD-CAA02E429651,AIXAM,AIXAM COUPE,3_5,0,0,0,0,3,5,6,3,1,0,0,0,0,0,0,0,0,0,0,0
630D02D4-7F95-1BD3-6F8A-6F899FF62B1E,AIXAM,AIXAM CROSSLINE,3_1,0,0,0,6,15,16,10,20,31,69,39,50,39,38,0,0,0,0,0,0
41E02A28-6674-6319-23FE-39B739CA0EF4,AIXAM,AIXAM CROSSOVER,3_6,0,2,32,51,50,43,48,34,25,0,0,0,0,0,0,0,0,0,0,0
0A541C03-5C4D-1641-2EAA-97BC95A85F88,AIXAM,AIXAM MEGA,3_7,0,0,0,0,0,0,0,0,0,0,0,1,2,3,0,0,0,0,0,0
DE0BF37D-5A94-875A-578B-E62B04BE3CA2,AIXAM,AIXAM SCOUTY,3_8,0,0,0,0,0,0,0,0,0,1,1,0,1,3,0,0,0,0,0,0
B7FAA4E9-A392-30A8-04C0-40C86A3B654D,ALFA ROMEO,ALFA ROMEO 147,4_1,0,0,0,0,0,0,0,0,0,0,5,268,744,652,497,473,377,466,339,140
A6269DAC-4380-3FA6-1BD1-89E42EAB6E78,ALFA ROMEO,ALFA ROMEO 156,4_2,0,0,0,0,0,0,0,0,0,0,0,0,6,31,21,312,383,373,286,215
19835570-7C0B-7E06-380C-6A4A5AE88103,ALFA ROMEO,ALFA ROMEO 159,4_4,0,3,0,0,0,0,1,0,95,517,813,1104,1218,1407,564,1,0,0,0,0
B7B30322-A151-384F-4DAA-1F29F9AF96D4,ALFA ROMEO,ALFA ROMEO 166,4_6,0,0,0,0,0,0,0,0,0,0,0,0,3,2,0,53,42,28,29,35
DCE6BDDC-77ED-0BD4-874D-355A87B3A000,ALFA ROMEO,ALFA ROMEO 4C,4_7,0,2,13,106,116,68,84,0,0,0,0,0,0,0,0,0,0,0,0,0
8AD0FE2E-4D0D-99EB-4382-F0A1EDB0A56A,ALFA ROMEO,ALFA ROMEO 8C,4_8,0,0,0,0,0,0,0,0,0,0,0,7,4,0,0,0,0,0,0,0
CD046F20-90F9-1379-0A9B-7C0CB1BF9AC8,ALFA ROMEO,ALFA ROMEO BRERA,4_9,0,0,0,0,0,0,0,0,0,25,103,445,548,483,503,0,0,0,0,0
C88D7CA3-02BC-7546-6A0A-291F8553246D,ALFA ROMEO,ALFA ROMEO GIULIA,4_10,676,1392,1427,1849,159,0,0,0,1,0,1,0,0,0,0,0,0,0,2,0
6835CE5D-73B7-3E44-94E1-9F1E10D47F26,ALFA ROMEO,ALFA ROMEO GIULIETTA,4_11,524,564,834,1486,2763,3019,3206,3242,3721,6026,2084,0,0,0,0,0,0,0,0,0
5CAC4CB5-4B44-0B31-045F-AAECA28C3FC2,ALFA ROMEO,ALFA ROMEO GT,4_12,0,0,0,0,0,0,0,0,0,12,116,174,734,800,480,427,206,0,0,0
E48242D0-6434-4503-55B8-73F2AB7E9707,ALFA ROMEO,ALFA ROMEO GTV,4_13,0,0,0,0,0,0,0,0,0,0,0,0,0,0,1,25,50,73,118,143
4DB0E50A-7B96-905A-6F62-F38A2B20517B,ALFA ROMEO,ALFA ROMEO MITO,4_14,0,36,378,706,1444,1592,1734,1801,2521,3188,3977,4797,19,0,0,0,0,0,0,0
00327232-A1E8-5023-4B80-90CCF9F14158,ALFA ROMEO,ALFA ROMEO SPIDER,4_15,0,0,0,0,0,0,0,1,0,19,103,114,518,497,9,47,53,62,69,184
2E73ADE6-A4B0-137D-9033-3D0F14E91CE8,ALFA ROMEO,ALFA ROMEO STELVIO,4_16,679,1159,1023,203,0,0,0,0,0,0,0,0,0,0,0,0,0,0,0,0
AE47803C-6FB7-792E-7D0C-E4BA0BEA582A,ALPINE,ALPINE A110,101_1,102,149,108,0,0,0,0,0,0,0,0,0,0,0,0,0,0,0,0,0
EF99D10C-57D3-1B42-9AE8-1F1EDC98561F,ASTON MARTIN,ASTON MARTIN CYGNET,6_1,0,0,0,0,0,0,12,12,45,61,4,0,0,0,0,0,0,0,0,0
F21CE96B-2C90-04DB-967C-A666971F868E,ASTON MARTIN,ASTON MARTIN DB11,6_2,150,326,404,667,98,0,0,0,0,0,0,0,0,0,0,0,0,0,0,0
748DA0E9-9CF5-41AE-0B17-12775B2956A5,ASTON MARTIN,ASTON MARTIN DB5,6_12,0,0,0,0,0,0,0,0,0,0,0,0,1,0,0,0,0,0,0,0
94AF8AD2-8908-34EF-8B9C-51E0F10C6E67,ASTON MARTIN,ASTON MARTIN DB7,6_3,0,0,0,0,0,0,0,0,0,0,0,0,0,0,0,0,84,163,193,234
8F7E7A38-193B-5086-101C-ACA9C13E5333,ASTON MARTIN,ASTON MARTIN DB9,6_4,0,0,0,28,140,24,111,149,64,75,158,215,399,550,510,901,225,0,0,0
6ADE0A3E-6513-1CC2-31DF-FAADFEF22DB9,ASTON MARTIN,ASTON MARTIN DB9O,6_4,0,0,0,0,11,159,57,0,0,0,0,0,0,0,0,0,0,0,0,0
68C551E2-05C0-2970-6546-CA9E11E93790,ASTON MARTIN,ASTON MARTIN DBS,6_5,202,287,52,0,0,0,0,1,100,124,149,151,75,3,0,0,0,0,0,0
49ACCFCB-4B1B-46F0-960F-2F96976B85CD,ASTON MARTIN,ASTON MARTIN RAPIDE,6_6,15,38,35,48,46,94,86,97,63,112,130,0,0,0,0,0,0,0,0,0
80191159-7E25-7DD6-7A52-C624E290A59C,ASTON MARTIN,ASTON MARTIN VANQUISH,6_8,0,37,140,181,134,173,88,6,0,0,0,0,3,49,24,54,6,1,1,0
1FA65938-3CCE-31FB-26AA-C3292CA909E1,ASTON MARTIN,ASTON MARTIN VANTAGE,6_9,191,688,421,243,334,310,301,278,278,241,285,417,526,753,967,90,0,0,1,0
9668B4A2-09AC-000E-1DCA-3BDF2E0F461D,ASTON MARTIN,ASTON MARTIN VIRAGE,6_10,0,0,0,0,0,0,0,3,94,77,0,0,0,0,0,0,0,0,0,0
7D64244B-7689-280A-7DA9-C40D1A468050,AUDI,AUDI A1,7_1,13292,19976,19038,21212,24047,22789,22709,22405,18743,16721,1451,0,0,0,0,0,0,0,0,0
FC477484-6DBF-926F-2ABF-A9EC23D2A1ED,AUDI,AUDI A2,7_2,0,1,0,0,0,0,0,0,0,0,0,0,0,0,0,1160,2046,1877,2392,1938
82461EF8-36D6-2212-0A6C-5960667F7925,AUDI,AUDI A3,7_3,15079,17396,22958,27935,34335,39145,38841,28775,26994,23030,27721,26633,24398,21098,19805,15652,8405,3665,2302,1492
83DE6687-1897-4DB4-2052-965FA6112B72,AUDI,AUDI A4,7_5,8903,13013,12026,19667,23312,17375,18080,17454,15506,15958,15510,16367,21339,21935,20218,15501,13587,9607,5688,2298
786E6934-11FF-7BCB-559A-0162D0225C5B,AUDI,AUDI A5,7_9,5155,9572,9063,10868,7766,9925,10778,11108,10098,9864,11067,7039,4942,1468,0,0,0,0,0,0
17D18ACD-1895-0265-0F3A-EF6FBBAA4207,AUDI,AUDI A6,7_11,4069,9843,8392,8973,13552,11745,11514,11637,9551,8334,8049,5368,8408,9253,5845,4082,2537,1576,1165,611
BFACB5D0-69A7-14FF-707D-2D2BB5265C2B,AUDI,AUDI A7,7_15,729,1572,1417,1489,2262,1982,1909,1981,1424,1848,144,0,0,0,0,0,0,0,0,0
68D99AE1-4EF1-527C-0BB4-FDBDC0593115,AUDI,AUDI A8,7_16,404,758,928,572,707,835,879,777,818,913,588,472,878,748,535,552,378,174,100,92
D9D60A8A-6974-6E42-5D56-4397B0788757,AUDI,AUDI ALLROAD,7_17,0,0,0,0,0,0,0,0,0,1,0,225,561,632,430,0,1,0,2,0
A241AD16-4B97-95DB-1E30-E2BF76C1838B,AUDI,AUDI E-TRON,7_51,5858,1029,0,0,0,0,0,0,0,0,0,0,0,0,0,0,0,0,0,0
DC34CD13-7D0F-5A57-2B3A-05E147A176D4,AUDI,AUDI Q2,7_18,14817,15487,14253,11645,648,0,0,0,0,0,0,0,0,0,0,0,0,0,0,0
3241BCE5-16B8-08AD-7678-ECD11D6C887E,AUDI,AUDI Q3,7_19,12674,13987,12550,15598,16640,14277,13855,12025,6833,481,0,0,0,0,0,0,0,0,0,0
CA6A1761-7A64-6641-11AD-A55683EC204E,AUDI,AUDI Q5,7_20,8364,12148,11504,9167,9620,8950,7582,5796,4881,5819,3913,4111,210,0,0,0,0,0,0,0
B4BDD81A-20A3-7051-7D6E-CC5E0F97A78E,AUDI,AUDI Q7,7_21,3927,4606,4092,4309,4827,3282,3319,3382,2423,1883,1607,1354,2717,3952,1693,0,0,0,0,0
857E3F3F-A142-63FE-16B6-49B70F2D75B4,AUDI,AUDI Q8,7_49,933,1813,634,0,0,0,0,0,0,0,0,0,0,0,0,0,0,0,0,0
B57AF9ED-6EEA-5C4A-1D12-D08B2F8D15B7,AUDI,AUDI QUATTRO,7_22,0,0,1,0,0,0,1,1,32,387,92,0,2,1,1,0,0,2,5,6
A6CF05C6-4B65-34F6-2AAE-E2611ED3376E,AUDI,AUDI R8,7_23,121,131,254,298,331,192,210,203,132,243,291,261,493,263,0,0,0,0,0,0
FCE48662-9DFD-278C-203D-9D160F3E7B56,AUDI,AUDI RIO,7_35,0,0,1,0,0,2,1,6,84,163,465,602,367,0,0,0,0,0,2,0
841D7F76-8B5B-26BC-96A8-86B7D57F0512,AUDI,AUDI RS3,7_25,312,837,1145,782,1107,692,0,0,0,0,0,0,0,0,0,0,0,0,0,0
95689EEA-54F7-870B-196B-A71A22B995BA,AUDI,AUDI RS4,7_26,491,249,550,3,0,429,776,476,53,0,0,1,57,1082,946,0,0,0,3,126
9B0F4800-13D4-A69F-97C6-9320B4DC7397,AUDI,AUDI RS5,7_30,162,407,37,0,2,228,323,215,69,0,0,0,0,0,0,0,0,0,0,0
D88540CF-65BD-52E6-3AA7-CE3A015692CB,AUDI,AUDI RS6,7_31,663,0,200,633,649,622,446,126,0,0,55,200,218,0,0,26,132,290,38,0
EC532819-0495-6393-0C9A-53ACD25E0BA4,AUDI,AUDI RS7,7_33,127,0,9,84,125,109,108,7,0,0,0,0,0,0,0,0,0,0,0,0
2F7E139B-674C-710E-2370-211F22E81313,AUDI,AUDI RSQ3,7_24,697,37,0,0,229,310,411,11,0,0,0,0,1,0,0,0,0,0,0,0
DD4145B0-2189-98E9-7CEC-9038A35629E7,AUDI,AUDI S1,7_34,0,1,307,637,586,908,429,0,0,0,0,0,0,0,0,0,0,0,0,0
98766613-A02F-5634-6456-7B3231735A46,AUDI,AUDI S3,7_35,1404,2705,3017,4917,4144,3787,2808,459,582,804,700,269,579,1157,89,0,2,310,500,436
3F8344E7-4358-A40A-314A-517EC9677489,AUDI,AUDI S4,7_36,676,227,1334,2016,101,416,398,384,389,486,600,374,57,226,360,429,611,188,0,29
D17C503F-6561-9960-5BD4-64463F8597C7,AUDI,AUDI S5,7_39,257,85,2283,3350,764,722,422,318,261,539,601,143,575,408,0,0,0,0,0,0
7012DFA5-7CA9-A3B7-22BB-359D10648B07,AUDI,AUDI S6,7_41,84,117,151,165,117,96,79,88,61,1,28,17,41,92,100,0,4,19,31,29
DCE65EB9-9C11-710A-3C1B-1495061B22DA,AUDI,AUDI S7,7_42,66,70,7,54,68,117,50,66,34,0,0,0,0,0,0,0,0,0,0,0
4639C31D-57C0-7999-508F-2B7835BB3E01,AUDI,AUDI S8,7_43,23,0,0,62,210,175,69,56,37,0,6,18,56,96,75,0,0,5,70,45
F08B272B-97C2-1F68-7C1E-196BED73316C,AUDI,AUDI SQ2,7_50,366,881,0,0,0,0,0,0,0,0,0,0,0,0,0,0,0,0,0,0
FCA7BE12-A143-50D3-7C13-02CD3242083D,AUDI,AUDI SQ5,7_44,1198,464,2046,1237,2046,2172,1775,685,0,0,0,0,0,0,0,0,0,1,0,0
7E5AA1FB-8B09-63EC-76F4-2A27B4AB8CA7,AUDI,AUDI SQ7,7_45,568,170,871,1016,177,0,0,0,0,0,0,0,0,0,0,0,0,0,0,0
D75D43C0-14D5-4FBC-5FF2-A6C25CBF36C8,AUDI,AUDI TT,7_46,178,331,1875,2856,1837,1485,3298,5973,5507,6507,6524,6208,7497,8371,3190,4047,5527,5827,5115,3606
35E47A48-53A7-8AFC-81D7-30D84FAF03B8,AUDI,AUDI TTRS,7_47,145,216,334,110,151,0,0,0,0,0,0,0,0,0,0,0,0,0,0,0
DB2B0AEB-80B2-3B21-9F68-15A3E8A35E09,AUDI,AUDI TTS,7_48,2716,4003,1836,3992,6977,7105,590,368,133,0,1,0,0,0,0,0,0,0,0,0
9C1ED15D-6934-3E8C-766D-03C6CAC360EE,BENTLEY,BENTLEY ARNAGE,10_1,0,0,0,0,0,0,0,0,1,0,5,29,40,61,73,106,90,106,134,193
224091F4-0A60-82C3-0D52-7E1737AF4576,BENTLEY,BENTLEY AZURE,10_2,0,0,0,0,0,0,0,0,0,1,5,10,14,28,21,0,0,11,8,12
C8502BA2-99C1-7575-3AE3-73726B8C613B,BENTLEY,BENTLEY BENTAYGA,10_3,436,387,526,545,342,1,0,0,0,0,0,0,0,0,0,0,0,0,0,0
4A6D4285-2FF9-77AB-2D5E-E1972FF74359,BENTLEY,BENTLEY BROOKLANDS,10_4,0,0,0,0,0,0,0,0,0,1,3,16,28,0,0,0,0,0,0,0
17A013BA-548D-7774-44C4-3491C84D93DB,BENTLEY,BENTLEY CONTINENTAL,10_5,699,835,600,619,808,774,713,683,704,517,477,403,821,1242,1033,1157,1111,14,11,10
EA4DE491-456B-0417-5082-D9DACD6D8E6F,BENTLEY,BENTLEY FLYING SPUR,10_6,26,1,56,85,126,163,187,56,0,0,0,0,0,0,0,1,0,0,0,0
C485BF74-5335-7AEE-A433-0C82FEAE34F4,BENTLEY,BENTLEY MULSANNE,10_7,29,52,38,72,110,90,81,54,56,81,18,0,0,0,0,0,0,0,0,0
47C3815D-9EB0-3B4A-4B65-37D225CA4C6A,BMW,BMW 1 SERIES,8_1,20764,23624,22628,27044,28879,30499,29722,36583,30517,25065,27149,24467,21738,16022,14621,12155,3541,0,0,0
E0601CE0-9593-85BD-24C6-0BCAFD617879,BMW,BMW 2 SERIES,8_2,9408,14842,18884,15426,19046,15197,4376,1,0,0,0,0,0,0,0,0,0,0,0,0
DF095DF5-50C8-3CD1-7B9A-BA9EA6F49500,BMW,BMW 3 SERIES,8_5,19985,25262,25391,30716,32119,32799,34307,37365,37271,33730,32119,28532,31514,38244,29965,21106,17464,17630,13416,9056
FCA654E5-3815-9F4F-3300-2E61C601347E,BMW,BMW 4 SERIES,8_7,4540,10539,15716,17039,18612,18745,13042,1617,0,0,0,0,0,0,0,0,0,0,0,0
E3A60C28-4C07-88FF-342E-7732C0894B55,BMW,BMW 5 SERIES,8_9,8801,15789,19961,15263,15781,17442,16880,15512,15918,14663,10856,9401,9940,11657,10233,7985,5534,4039,3628,2583
D68079B0-612A-78CB-A570-680783238D5F,BMW,BMW 6 SERIES,8_11,227,1035,2288,1296,1834,2018,2077,2130,1707,667,569,645,1206,1323,1569,1457,1290,25,0,0
18845EB3-8628-27C3-13FA-C77293AE5C9E,BMW,BMW 7 SERIES,8_14,888,1458,1374,1500,1518,745,951,795,978,985,814,661,824,766,1197,739,445,486,281,393
F17320AA-1B86-87E0-34E6-59B7488B7157,BMW,BMW 8 SERIES,8_49,1864,1209,219,0,0,0,0,0,0,0,0,0,0,0,0,0,0,0,0,0
38C389C6-A6FE-A729-8768-AE2239C43B11,BMW,BMW I3,8_27,4204,4596,3491,3056,2131,1879,1205,119,0,0,0,0,0,0,0,0,0,0,0,0
2EBA8355-4845-42D5-5222-5CCF642628D5,BMW,BMW I8,8_28,80,248,389,232,447,644,201,0,0,0,0,0,0,0,0,0,0,0,0,0
60939A22-3485-624C-4D51-84E308B9A4A9,BMW,BMW M1,8_48,3350,3921,3998,4477,2724,1498,1755,1591,318,1,0,1,0,0,0,0,0,0,0,0
4014B52B-433D-00B2-6934-B8E06C5B658D,BMW,BMW M2,8_29,2636,2604,3010,2807,2358,1502,974,0,0,0,0,0,0,0,0,0,0,0,0,0
5C1BAADB-3ED4-40D9-6C1E-7F30964B8C49,BMW,BMW M3,8_30,1583,561,855,952,777,581,238,630,746,721,623,659,1111,444,299,892,1305,1866,1188,309
8569D2B5-6844-3498-211F-EE87950F0759,BMW,BMW M4,8_31,1141,1798,2123,1925,1709,1940,996,0,0,0,0,0,0,0,0,0,0,0,0,0
6CD209D6-7160-564C-1C4D-F54728F734F4,BMW,BMW M5,8_32,393,611,140,22,404,381,490,571,374,82,11,19,82,225,265,282,1,37,153,233
BDE38BDF-678F-9668-65A4-EDF97BE69B83,BMW,BMW M6,8_33,0,0,57,135,200,203,203,118,47,1,5,14,22,52,100,133,0,0,0,0
3AD219C6-9E91-34D1-A46F-77F1FE073B5A,BMW,BMW X1,8_35,7396,13529,14626,13353,12247,4568,7873,7261,5601,6291,5212,464,0,0,0,0,0,0,0,1
62E75C75-0F47-2C59-295D-F888A81D4E4E,BMW,BMW X2,8_36,3420,6918,4880,0,0,0,0,0,0,0,0,0,0,0,0,0,0,0,0,0
BB802536-5DA9-4F9C-1C97-B107A5A186AC,BMW,BMW X3,8_37,7438,15773,8197,7931,8903,7001,6148,7296,7104,4370,1035,1663,2099,3331,4792,4145,3617,2,0,0
6709133C-203A-5476-8884-D451AB38869B,BMW,BMW X4,8_38,1830,3998,2064,2136,2690,2052,741,0,0,0,0,0,0,0,0,0,0,0,0,0
A40A2E34-00BE-5BB5-3A39-866120B22E04,BMW,BMW X5,8_39,5345,9055,7443,6345,6734,7306,5622,3543,4311,4405,4168,4381,3917,4410,4328,7064,4392,3655,2309,1212
88700260-1F0F-52A9-83BB-4CEDBEBD425A,BMW,BMW X6,8_41,1077,643,2114,1338,1794,1282,1404,1236,1159,809,816,1008,502,1,0,0,0,0,0,0
D0B7356D-9081-9DBF-649E-B7C66E743985,BMW,BMW X7,8_50,664,523,0,0,0,0,0,0,0,0,0,0,0,0,0,0,0,0,0,0
E1297901-81BC-2CF5-4454-DE3B80FA0295,BMW,BMW Z3,8_43,0,0,0,0,0,0,0,0,0,0,0,0,1,1,0,0,1,60,872,1459
01CBB0DA-863D-6CC7-325A-A4B3429F9A31,BMW,BMW Z4,8_45,1428,1928,0,134,1197,1561,1884,1582,1896,1885,1953,2433,1769,3172,3025,2139,3109,2585,0,0
FEDFBF06-0FE3-11D2-9386-3AA938842F89,BMW,BMW Z8,8_47,0,0,0,0,0,0,0,0,0,0,0,0,0,0,0,0,0,5,9,17
6550283A-9DAD-2907-5062-9A7B6351980F,BRISTOL,BRISTOL FIGHTER,11_1,0,0,0,0,0,0,0,0,0,0,0,0,0,0,1,1,1,1,0,0
C237FAD5-761D-4F9C-A01A-9E4FFC0F0D0F,CADILLAC,CADILLAC BLS,14_1,0,0,0,0,0,0,0,0,0,0,19,59,44,90,56,0,0,0,0,0
A86CC9F2-3E66-7868-0EBC-06B3BC060FF3,CADILLAC,CADILLAC CTS,14_2,0,1,0,0,1,0,0,0,3,0,8,16,9,31,29,21,0,0,0,0
02AB73A0-9F3F-384A-A510-E88E10BA3504,CADILLAC,CADILLAC ESCALADE,14_3,0,1,5,3,6,4,0,0,2,1,4,7,3,17,2,2,8,8,8,2
81DFE25B-7E5F-8B46-0F9E-1B0D41706E74,CADILLAC,CADILLAC STS,14_5,0,0,0,0,0,0,0,0,0,1,2,8,8,0,0,0,0,0,0,0
A79E5FD7-57F7-3950-7CFF-7A5D58D067C3,CHEVROLET,CHEVROLET AVEO,16_2,0,0,0,0,0,0,132,1475,1798,1504,1951,4605,1295,0,0,0,0,0,0,0
499D43FD-A316-4467-295A-CD630836728D,CHEVROLET,CHEVROLET CAMARO,16_4,0,29,21,28,4,2,10,24,16,0,2,1,0,0,0,0,0,0,0,0
7971A164-2A67-759A-4D52-DE48DA8A4E5D,CHEVROLET,CHEVROLET CAPTIVA,16_5,0,0,1,0,0,0,195,1146,1231,1412,2207,1058,1295,444,0,0,0,0,0,0
71C64FB5-9818-3195-1880-D0A337BF08A2,CHEVROLET,CHEVROLET CORVETTE,16_6,0,14,12,18,3,4,16,2,0,0,0,0,0,0,0,0,0,0,0,0
963E8470-8DF8-4382-A5D4-FD9B91F103E5,CHEVROLET,CHEVROLET CRUZE,16_7,0,0,0,0,0,1,554,1522,1925,1382,1032,438,0,0,0,0,0,0,0,0
CD34DD5B-2730-97B5-A47D-12F836D547C3,CHEVROLET,CHEVROLET EPICA,16_8,0,0,0,0,0,0,0,0,0,12,7,126,53,0,0,0,0,0,0,0
F95D0F29-60D9-5A00-3E9D-C6C523FD2471,CHEVROLET,CHEVROLET KALOS,16_10,0,0,0,0,0,0,0,0,0,0,0,9,1398,1910,1252,1077,0,0,0,0
720A8B9A-1827-7DDF-7D2B-9C9CE6946D26,CHEVROLET,CHEVROLET LACETTI,16_11,0,0,0,0,0,1,0,0,0,139,349,1032,1130,936,782,465,0,0,0,0
0DDEF09B-84C0-1078-6691-FECA2EEB992B,CHEVROLET,CHEVROLET MATIZ,16_12,0,0,0,0,0,0,0,0,0,1,1176,5028,3630,3719,2336,1384,0,0,0,0
FF708719-08B6-86DE-92AA-268017B78AC8,CHEVROLET,CHEVROLET ORLANDO,16_13,0,0,0,0,0,0,210,923,2218,1566,2,0,0,0,0,0,0,0,0,0
1157C4C0-7E82-544B-88B8-A080A5504C75,CHEVROLET,CHEVROLET SPARK,16_14,0,0,0,0,0,8,880,4208,4202,4300,3871,1,0,0,0,0,0,0,0,0
9C8E86BF-77ED-075B-4B28-045DE1B86C4B,CHEVROLET,CHEVROLET TACUMA,16_16,0,0,0,0,0,0,0,0,0,1,2,13,285,447,246,208,0,0,0,0
9C67392A-5392-661F-0376-F598213B6692,CHEVROLET,CHEVROLET TRAX,16_18,0,0,0,1,0,1,549,1069,0,0,0,0,0,0,0,0,0,0,0,0
41CE355F-A01B-7E04-9092-851F03CA7CCE,CHEVROLET,CHEVROLET VOLT,16_19,0,0,0,0,0,0,2,58,52,0,0,0,0,0,0,0,0,0,0,0
F22E52BF-78A0-0BF8-7464-E89E41B82BF3,CHRYSLER,CHRYSLER 300,17_1,0,0,0,0,0,2,1,0,0,2,624,592,1106,1812,1510,162,0,0,0,0
B8655077-4800-6974-29C1-4D09B5BF00E0,CHRYSLER,CHRYSLER 300C,17_1,0,0,0,0,0,1,46,154,163,0,0,0,0,0,0,0,0,0,0,0
2978D1A6-8CE6-9E0A-16EE-613E834F8A54,CHRYSLER,CHRYSLER CROSSFIRE,17_2,0,0,0,0,0,0,0,0,0,0,0,2,28,247,553,606,900,172,0,0
83278401-04DB-0A9B-8FE8-2206185894E6,CHRYSLER,CHRYSLER DELTA,17_3,0,0,0,0,0,0,7,45,533,190,0,0,0,0,0,0,0,0,0,0
64FF2B91-A0C1-4EC9-6210-4E0C0C9C2018,CHRYSLER,CHRYSLER GRAND VOYAGER,17_4,0,0,0,0,0,3,479,324,0,0,0,0,0,0,0,0,0,0,0,0
2C68B117-A1BF-2C25-9043-1EA4B26786EA,CHRYSLER,CHRYSLER NEON,17_5,0,0,0,0,0,0,0,0,0,0,0,0,0,1,2,0,15,74,68,83
DE9811CB-551C-7D7E-671B-213B7B919684,CHRYSLER,CHRYSLER PT CRUISER,17_7,0,0,0,0,0,0,0,0,0,0,0,2,158,969,998,828,679,613,348,278
15DB3513-1801-97DF-A6A6-A3B365E4391F,CHRYSLER,CHRYSLER SEBRING,17_8,0,0,0,0,0,0,0,0,0,0,3,495,437,154,0,2,1,1,4,6
0CF621F2-12A6-029C-445F-C8104EF47A11,CHRYSLER,CHRYSLER VOYAGER,17_9,1,0,0,0,0,0,1,0,371,515,490,679,1457,1806,2545,1968,1058,804,383,296
C3AC802E-5AAC-39F0-6F4B-7863801F4432,CHRYSLER,CHRYSLER YPSILON,17_10,0,0,0,0,0,122,1322,1744,1810,280,0,0,0,0,0,0,0,0,0,0
6CEB3CF2-54AA-0410-A11C-F20832C509AF,CITROEN,CITROEN BERLINGO,18_2,1701,3485,2393,2173,3224,3354,3672,4182,4226,3289,3470,5581,3023,2671,3184,3352,3898,3382,2050,977
3D8C5FD8-3E5F-634D-699A-81A02A1819AC,CITROEN,CITROEN C1,18_6,3734,5272,6950,8700,18096,17960,13565,14089,14000,14241,13849,13160,12482,9916,6788,1067,0,0,0,0
423A0DB4-7E19-1893-2E38-072704B334AC,CITROEN,CITROEN C2,18_7,0,0,0,0,0,0,0,0,0,2,370,3201,3183,4173,3995,4252,3772,448,0,0
CB7FD4FE-9AB9-68C6-96C9-4A89901F5CBF,CITROEN,CITROEN C3,18_8,12166,22544,24099,19398,11003,12819,14612,14408,16345,17470,21664,12376,7871,9758,9398,9608,8685,7594,2861,1
63A15A87-1BB5-2CA5-3314-CFABAB481906,CITROEN,CITROEN C4,18_12,3524,8814,12323,15888,25948,29255,22378,13689,10971,10606,11256,11798,17460,15454,5431,3411,115,0,0,1
2AA75E21-5C8C-A2D0-59F3-3DF0B5178808,CITROEN,CITROEN C5,18_15,5086,6499,22,0,103,210,246,396,472,830,1918,3385,2427,923,1080,844,999,973,772,280
A9074D05-833E-9F72-6770-E61784B543A5,CITROEN,CITROEN C6,18_16,0,0,0,0,0,0,0,0,5,3,36,81,79,147,76,3,0,0,0,0
F03BEF5F-54B5-6E01-A261-F85074EA81EC,CITROEN,CITROEN C8,18_17,0,0,0,0,0,0,1,0,0,0,47,203,350,528,510,433,287,146,1,0
E62F4F08-A243-50D1-6100-E1519B083224,CITROEN,CITROEN C-CROSSER,18_4,0,0,0,0,0,0,0,0,17,38,542,677,901,347,0,0,0,0,0,0
40E1D3BC-4706-A575-8A45-94C0726D6B12,CITROEN,CITROEN C-ZERO,18_5,0,1,0,6,22,1,3,52,85,36,0,0,0,0,0,0,0,0,0,0
1C3BC473-19F9-74C2-6627-42A5BBFC7133,CITROEN,CITROEN DISPATCH,18_18,1,93,22,86,112,284,342,243,184,151,249,254,169,96,84,67,22,7,9,0
9E8E2E37-468A-5600-02C4-546222750D0C,CITROEN,CITROEN DS3,21_1,0,0,0,0,18,8557,18543,18843,15543,10242,4662,2,0,0,0,0,0,0,0,0
081A9D35-8C2B-3F8C-57C4-8F5E829E750E,CITROEN,CITROEN DS4,21_3,0,0,1,0,11,1140,2369,3903,2618,1315,0,0,0,0,0,0,0,0,0,0
9DBDE40C-6BF4-1A0A-1533-B90556DD8F0F,CITROEN,CITROEN DS5,21_5,0,0,0,0,0,403,1093,1892,1233,2,0,0,0,0,0,0,0,0,0,0
C25E72D9-6056-7742-4E56-9256FDD85814,CITROEN,CITROEN NEMO,18_25,0,0,0,0,0,0,0,13,345,562,971,1241,0,0,0,0,0,0,0,0
04113E7E-2DDB-8340-1C0F-2A2F2C3C41CB,CITROEN,CITROEN SAXO,18_26,0,0,0,0,0,0,0,0,0,0,0,0,0,0,0,0,116,1539,2033,2070
BAC8320F-7788-0AC9-25BF-B27395CC78E7,CITROEN,CITROEN SPACETOURER,18_27,229,717,895,419,33,0,0,0,0,0,0,0,0,0,0,0,0,0,0,0
BFDEBD10-5D75-7090-4239-52AB1F5072DB,CITROEN,CITROEN SYNERGIE,18_28,0,0,0,0,0,0,0,0,0,0,0,0,0,0,0,0,0,0,62,131
871786C3-198F-2EF1-88E1-762D776D19A9,CITROEN,CITROEN XANTIA,18_31,0,0,1,0,0,0,0,0,0,0,0,0,0,0,0,0,0,0,0,46
BF9C6F0A-3DD5-8D9B-3D50-27550A239BC3,CITROEN,CITROEN XSARA,18_29,0,0,0,0,0,1,0,1,0,1,1703,3538,5285,10704,12569,9813,9068,6125,4558,2902
085F43D3-8782-208F-657C-8375E4D98DBE,CORVETTE,CORVETTE C6,19_1,0,0,0,0,0,0,0,0,0,0,0,6,1,10,0,4,0,0,0,0
86A648EE-9152-5790-548B-642D080A28F1,DACIA,DACIA DUSTER,22_1,8264,14571,8538,6276,7097,5994,5944,6910,10,1,0,0,0,0,0,0,0,0,0,0
F6C6BD1A-05A2-26A7-09D4-9A55AF7072FC,DACIA,DACIA LOGAN,22_2,794,2284,1783,2271,2824,3192,2270,462,0,0,0,0,0,0,0,0,0,0,0,0
91FDE92F-2F6D-0678-0327-CACFB0177D28,DACIA,DACIA SANDERO,22_3,9344,12748,12542,14937,15091,15371,13608,7906,18,0,0,0,0,0,0,0,0,0,0,0
DC1219A5-5404-7A60-77D7-66B067443322,DAEWOO,DAEWOO KALOS,23_1,0,0,0,0,0,0,0,0,0,0,0,0,0,0,0,122,758,517,2,0
ED52EEF0-8ABA-7091-5EE8-AAAFB8FC71F9,DAEWOO,DAEWOO LACETTI,23_2,0,0,0,0,0,0,0,0,0,0,0,0,0,0,0,145,178,0,0,0
80BDFBA2-5937-532F-919C-894E22222852,DAEWOO,DAEWOO LANOS,23_6,0,0,0,0,0,0,0,0,0,0,0,0,0,0,0,0,2,10,87,82
11B9826C-89DE-9989-4377-6BF8CFC94DD7,DAEWOO,DAEWOO LEGANZA,23_7,0,0,0,0,0,0,0,0,0,0,0,0,0,0,0,0,0,2,11,5
265F5AFF-700A-21A8-54F2-8BE4542767DF,DAEWOO,DAEWOO MATIZ,23_3,0,0,0,0,0,0,0,0,0,0,0,0,0,0,0,138,1050,488,395,362
03A68A0B-A006-1474-2D56-65CB8B9B759A,DAEWOO,DAEWOO MUSSO,23_8,0,0,0,0,0,0,0,0,0,0,0,1,0,0,3,0,0,3,20,30
399EC6A0-28A5-4E56-5306-0FA49A463BB1,DAEWOO,DAEWOO NUBIRA,23_4,0,0,0,0,0,0,0,0,0,0,0,0,0,0,0,24,47,23,6,15
C1A2F273-19AF-4B3C-180B-510853933A5D,DAEWOO,DAEWOO TACUMA,23_5,0,0,0,0,0,0,0,0,0,0,0,0,0,0,0,8,124,60,24,21
09C699F1-58A6-9C15-04A3-7C88ACE37BD5,DAIHATSU,DAIHATSU CHARADE,24_2,0,0,0,0,0,0,0,0,0,0,0,0,0,78,343,419,625,441,0,0
0735370B-2273-351A-454C-D94928790344,DAIHATSU,DAIHATSU COPEN,24_3,0,0,0,0,0,1,2,0,0,0,5,171,264,249,139,122,254,84,1,0
D295663B-8D9D-52C6-739A-513415174190,DAIHATSU,DAIHATSU CUORE,24_4,0,0,0,0,0,0,0,0,0,0,0,1,0,0,0,0,0,20,71,94
B04D1A3D-5618-9F04-84EB-6183E60A41E1,DAIHATSU,DAIHATSU FOURTRAK,24_5,0,0,0,0,0,0,0,0,0,0,0,0,0,0,0,0,0,0,11,112
FE4EC0A6-53BE-35BF-0E24-526A358B9731,DAIHATSU,DAIHATSU MATERIA,24_6,0,0,0,0,0,0,0,0,0,0,29,184,286,210,0,0,0,0,0,0
119BDB4A-4895-87A6-9291-8E9ECACA37ED,DAIHATSU,DAIHATSU SIRION,24_7,0,0,0,0,0,0,0,0,0,1,128,1048,2305,1788,1051,1059,175,216,228,142
36826FB0-5F7E-72E9-99F6-EBB9B24309DA,DAIHATSU,DAIHATSU TERIOS,24_8,0,0,0,0,0,0,0,1,1,0,19,641,923,1326,927,639,369,357,203,128
23665B9A-2379-35BF-2735-1754DCD55C87,DAIHATSU,DAIHATSU YRV,24_9,0,0,0,0,0,0,0,0,0,0,0,0,0,0,0,1,71,85,100,105
545B986D-6AB3-0C2E-2C2C-D29EE8DF5BD2,DODGE,DODGE AVENGER,26_1,0,0,0,0,0,0,0,0,0,0,0,133,353,64,0,0,0,0,0,0
6745D466-3A66-7B9F-6FE3-72EBF49F90F6,DODGE,DODGE CALIBER,26_2,0,0,0,0,0,0,0,0,0,0,0,294,791,1015,748,0,0,0,0,0
FD04F732-1787-96C2-44BE-F39A2A9092CE,DODGE,DODGE JOURNEY,26_5,1,4,4,1,0,1,0,1,0,0,584,613,87,0,0,0,0,0,0,0
1163F835-352F-6CE7-1BF2-7180284D9BA2,DODGE,DODGE NITRO,26_6,0,0,0,0,0,0,0,0,0,1,0,640,885,285,0,0,0,0,0,0
46018555-2F99-960C-4399-C5FC19BA17EA,DS,DS DS3,21_1,1738,2168,3173,6911,11872,6776,0,0,0,0,0,0,0,0,0,0,0,0,0,0
4286BB27-14E4-5801-1C3B-B09A2998A2B3,DS,DS DS4,21_3,0,2,386,990,2355,835,0,0,0,0,0,0,0,0,0,0,0,0,0,0
5379087F-53E5-2865-32BA-C1936EA89EEE,DS,DS DS5,21_5,0,5,122,272,574,416,0,0,0,0,0,0,0,0,0,0,0,0,0,0
54EBB31B-3683-A5A1-9832-671D1AE41553,DS,DS DS7,21_6,581,1457,913,5,0,0,0,0,0,0,0,0,0,0,0,0,0,0,0,0
9EA617AD-2F2C-32AB-9889-F5BFCD576764,FERRARI,FERRARI 360,27_2,0,0,0,0,0,0,0,0,0,0,0,0,0,0,0,19,72,103,105,85
B891FCF3-4FB6-495C-1CC6-1E31420D4058,FERRARI,FERRARI 430,27_3,0,0,0,0,0,0,0,0,0,0,2,21,18,0,0,0,0,0,0,0
95EA0133-39A1-4660-0A01-5BAD5EE57B52,FERRARI,FERRARI 458,27_6,0,0,1,1,5,180,216,290,224,115,44,0,0,0,0,0,0,0,0,0
04DA6DEB-2BA8-3C7C-7BF9-664BDC942C9E,FERRARI,FERRARI 488,27_7,261,274,387,356,236,8,0,0,0,0,0,0,0,0,0,0,0,0,0,0
13C448EB-00D0-66BE-99D1-EDBC032674B2,FERRARI,FERRARI 575M,27_9,0,0,0,0,0,0,0,0,0,0,0,0,0,0,0,10,20,40,20,0
C9FD983C-01FF-5D3A-8FEC-5CC729DC785D,FERRARI,FERRARI 599,27_10,0,0,0,0,0,0,0,1,6,29,30,29,68,57,13,0,0,0,0,0
2DD7BD1E-495D-6E7A-87DC-36A2844C8076,FERRARI,FERRARI 612,27_11,0,0,0,0,0,0,0,0,0,0,3,7,27,19,29,56,25,0,0,0
8F736429-3E6C-0DC7-9710-38ED86397183,FERRARI,FERRARI CALIFORNIA,27_13,0,0,8,123,206,222,108,86,116,131,174,128,0,0,0,0,0,0,0,0
DA4097EA-9A5A-5A93-0D7D-2BF2EA4E2BF2,FERRARI,FERRARI F430,27_18,0,0,0,0,0,0,0,0,0,0,1,47,135,193,174,156,0,0,0,0
F63CD16C-5348-8B81-561F-7567CC9F062C,FERRARI,FERRARI FF,27_19,0,0,0,0,18,26,37,27,68,17,0,0,0,0,0,0,0,0,0,0
AA4F889C-846E-0AA3-61F8-07C9D218394F,FERRARI,FERRARI LAFERRARI,27_21,0,1,1,5,7,7,10,1,0,0,0,0,0,0,0,0,0,0,0,0
C85C0503-49E3-5FCC-25B5-7284F12521C6,FERRARI,FERRARI PORTOFINO,27_23,207,275,91,0,0,0,0,0,0,0,0,0,0,0,0,0,0,0,0,0
CC142ED3-68AD-0AF4-9310-6DB7BFBF2DC4,FIAT,FIAT 124,28_1,0,15,1231,776,625,0,0,0,0,0,0,0,0,0,0,0,0,0,0,0
3E2168F0-0D84-0E4C-01E0-839C774A5CA0,FIAT,FIAT 500,28_2,13198,20425,24220,28129,47643,48914,49591,41336,29842,21944,22739,21268,12141,160,0,0,0,0,0,0
1D7DCF0E-1DC8-0140-0813-4F74F73E2F5B,FIAT,FIAT 500L,28_4,217,417,674,195,2,55,149,1,0,0,0,0,0,0,0,0,0,0,0,0
18B657A5-1A1F-3AAD-A527-F3ABF3B8987D,FIAT,FIAT 500X,28_5,2074,3479,1728,255,0,0,0,0,0,0,0,0,0,0,0,0,0,0,0,0
214B2DF8-2B8D-A40F-8B06-9E8CE2E2247D,FIAT,FIAT 850,28_6,0,0,0,0,0,0,0,0,0,0,0,1,0,0,0,0,0,0,0,0
A5464435-9507-454F-23AE-6147DA5212E1,FIAT,FIAT BARCHETTA,28_8,0,0,0,0,0,0,0,0,0,0,0,0,0,0,0,27,26,11,4,17
C20CC23D-6262-23FC-420F-0E81E4170F2E,FIAT,FIAT BRAVA,28_9,0,0,0,0,0,0,0,0,0,0,0,0,0,0,0,0,0,0,4,81
E46630AD-15DC-A3A8-3345-FE2772169C70,FIAT,FIAT BRAVO,28_10,0,0,0,0,0,4,62,148,302,504,909,2218,3300,2926,0,0,0,0,5,44
E5AB859C-8EB5-6B66-7B47-088DC4187EE3,FIAT,FIAT CROMA,28_11,0,0,0,0,0,0,0,0,0,0,0,0,0,33,188,63,0,0,0,0
EEC32712-46F7-4F33-41F0-FE4CD7D7A0D3,FIAT,FIAT DOBLO,28_12,146,236,411,530,739,720,557,564,631,733,946,1472,1827,1766,1329,1049,960,528,235,47
D827D9F7-05C3-10FD-90D2-4B0021251204,FIAT,FIAT FIORINO,28_13,25,2,2,6,3,1,7,31,81,58,25,28,15,0,0,0,0,0,0,0
C8F50740-2E0C-2750-411A-8E7E1023151B,FIAT,FIAT IDEA,28_16,0,0,0,0,0,0,0,0,0,0,1,0,1,76,274,270,409,0,0,0
45799CF5-2545-74F7-477E-6DAE7046A2AC,FIAT,FIAT MAREA,28_30,0,0,0,0,0,0,0,0,0,0,0,0,0,1,0,1,0,0,9,22
656880BC-48C4-23CE-A5BD-A376754382D3,FIAT,FIAT MULTIPLA,28_17,0,0,0,0,0,0,0,0,0,77,163,145,195,217,167,251,224,188,94,74
BA09CF03-5DAF-8EAA-81F7-559ECADE9974,FIAT,FIAT PANDA,28_18,1723,2537,2623,3445,4779,7930,7963,7580,6575,5707,9712,11531,6174,7012,5951,4836,4408,127,0,0
4DD334E7-58BF-6862-4B64-1EAE64D641C3,FIAT,FIAT PUNTO,28_19,0,0,311,1212,1711,2489,3722,4662,6643,6942,10441,11595,13231,19615,15739,4459,6977,4420,2452,1132
68390040-A698-1DF5-0A31-3F6216E72B2F,FIAT,FIAT QUBO,28_21,38,104,114,192,161,182,295,637,926,702,705,566,48,0,0,0,0,0,0,0
DBDD345D-919D-31B8-705F-EACA7C270DCD,FIAT,FIAT SCUDO,28_22,0,0,0,0,10,5,12,184,9,90,88,201,370,167,3,1,2,0,0,2
78352818-0709-65CE-116F-ED81651176F5,FIAT,FIAT SEDICI,28_23,0,0,0,0,0,0,0,0,0,4,5,227,455,604,628,0,0,0,0,0
3AE04F8B-4DD1-50B0-0E98-2938146A005B,FIAT,FIAT SEICENTO,28_24,0,0,0,0,0,0,0,0,0,0,0,0,0,0,0,0,2,869,743,605
C00CFD70-49B7-6A0D-8A4E-6D8D57BF5FCC,FIAT,FIAT STILO,28_26,0,0,0,0,0,0,0,0,0,0,0,0,0,159,525,418,799,493,225,0
5D4D331B-6CCB-A5CC-9BB1-F55FB72E79CB,FIAT,FIAT TALENTO,28_27,89,13,52,130,7,0,0,0,0,0,0,0,0,0,0,0,0,0,0,0
E89CD86A-57EF-46EA-2D03-4ED44FBF625C,FIAT,FIAT TIPO,28_28,1005,1601,1935,5949,1134,0,0,0,0,0,0,0,0,0,0,0,0,0,0,0
8DED5EE9-9929-466E-4D5E-8BBE438A621B,FIAT,FIAT ULYSSE,28_29,0,0,0,0,0,0,0,0,0,0,0,0,0,0,1,123,173,64,15,26
22BDEE49-049C-2196-4543-8B484D8E418A,FORD,FORD B-MAX,29_1,0,0,662,5232,7154,9841,13045,15027,3037,0,0,0,0,0,0,0,0,0,0,0
029BE453-475C-2C98-5883-63CC0572461F,FORD,FORD C-MAX,29_2,0,2583,4753,7330,10640,12877,16161,17773,15424,17184,7482,7516,16842,8208,222,14,9,0,0,0
7C88D83A-44B6-4D27-026D-9556925B33D7,FORD,FORD COUGAR,29_3,0,0,0,0,0,0,0,0,0,0,0,0,0,0,0,0,0,0,5,167
B507860B-6519-9EB0-4937-209FE535750D,FORD,FORD ECOSPORT,29_4,8895,24639,21921,13027,14555,10659,2592,10,0,0,0,0,0,0,0,0,0,0,0,0
7E272434-744F-9DFC-1D8A-8A12D0E3A697,FORD,FORD EDGE,29_5,1,990,1589,3856,2305,0,0,1,0,0,0,0,0,0,0,0,0,0,0,0
50464286-3448-1424-1E18-4F115AB67D58,FORD,FORD ESCORT,29_7,0,0,2,0,3,0,1,1,0,0,0,0,1,0,1,0,1,0,1,86
AF27794B-3FFA-8EB4-8BC2-2D67E08D0378,FORD,FORD EXPLORER,29_9,0,0,0,1,0,0,0,0,0,0,0,0,0,0,1,0,3,1,1,10
C6BE8AC9-7B99-424F-58B9-E8AECC646CEF,FORD,FORD F150,29_11,0,0,0,0,0,1,0,0,1,0,0,0,0,0,0,0,0,1,0,0
4C554FE0-2FB7-838B-03A1-8EB83120803C,FORD,FORD FIESTA,29_13,46739,74500,89564,87409,113568,125619,122815,113390,100228,87266,91353,100975,73429,73685,66133,43986,39201,32345,17090,6445
DADF885B-1B8C-7D48-3F88-20286562443D,FORD,FORD FOCUS,29_14,37738,53901,47374,63283,64870,76895,77222,77782,73326,71077,64533,72711,70986,77257,68079,58824,43404,29093,24270,14364
6D8809A1-7FE8-6B26-A680-7BED0AD46D2B,FORD,FORD FREEDOM,29_40,142,85,250,492,325,0,0,0,0,0,0,0,0,0,0,0,0,0,0,0
B9615600-3B5A-2010-0521-058F2CC853C4,FORD,FORD FUSION,29_18,0,1,1,1,0,1,2,0,831,2669,6267,9817,9892,9775,9490,7383,7530,7601,1089,0
C1068A99-8179-5CFD-3EC9-4795AC440163,FORD,FORD GALAXY,29_19,1589,2245,2901,4274,4480,2900,5039,4788,5774,5636,5453,5521,5540,5776,3668,3875,2763,2679,1345,875
415C6B72-6AE8-3514-0FF3-3B0F2ED93795,FORD,FORD GRAND C-MAX,29_20,0,1058,2738,3631,6592,2557,1040,1297,158,2,0,0,0,0,0,0,0,0,0,0
F0EF72E0-41D0-6776-10ED-47C760E219D0,FORD,FORD GT,29_22,0,0,8,0,0,0,0,0,0,0,0,0,1,2,13,15,0,0,0,0
48499706-0F1D-5664-0647-3A9AAF7B431E,FORD,FORD INDEPENDENCE,29_41,1041,1089,738,351,1,0,0,0,0,0,0,0,0,0,0,0,0,0,0,0
619DD262-2836-6577-3494-8721DD6397D1,FORD,FORD KA,29_23,0,0,0,2,5499,13122,18490,18602,17120,16383,19267,19457,12296,10499,7394,5197,4503,3360,2943,1478
20BC0F99-3125-62DC-A74B-04127B248847,FORD,FORD KA+,29_24,7,10044,10768,13116,2760,0,0,0,0,0,0,0,0,0,0,0,0,0,0,0
181724A7-6AA2-5FBE-346F-02B28A930C69,FORD,FORD KUGA,29_25,15403,39672,38265,35323,33839,31140,23040,13018,9815,9585,10475,8915,3278,0,0,0,0,0,0,0
9228ADA1-42E2-797F-48DD-01BB5318217C,FORD,FORD MAVERICK,29_26,0,0,0,0,0,0,0,0,0,0,1,0,1,0,0,0,59,213,255,90
517F3B58-4304-649A-543C-3C5E1BD88644,FORD,FORD MONDEO,29_27,1871,3836,7115,11345,16291,17937,12404,14016,18212,16107,22124,23669,25666,23237,15525,14079,9870,6222,4594,3915
6417DEBD-9F19-03F9-4DE2-B747652B7DDB,FORD,FORD MONDEO TITANIUM,29_27,448,636,222,3,0,0,0,0,0,0,0,0,0,0,0,0,0,0,0,0
5CCD1C17-660D-9820-3AAB-F3C55B25428C,FORD,FORD MUSTANG,29_28,1043,1198,2028,1807,2367,268,33,28,24,20,44,33,106,121,133,181,21,13,8,10
BB47460F-9F15-5669-9008-F2A2BE40A6B9,FORD,FORD PUMA,29_29,25750,180,0,0,0,0,0,0,0,0,0,0,0,0,0,0,0,1,768,1074
3ED4D7A1-0D91-4E17-4471-56CDF0BD752C,FORD,FORD RANGER,29_30,0,1,7,1,0,0,0,1,0,0,0,0,0,0,0,0,0,1,1,1
5CAE2516-587C-43A8-17D3-EC19AB5618B6,FORD,FORD S-MAX,29_31,1169,2141,2416,5176,6968,3397,6858,6711,7589,7119,10503,7822,7110,8408,3515,1,0,0,0,0
0134457A-005C-60F2-2197-A81E111A9BF3,FORD,FORD STREETKA,29_32,0,0,0,0,0,0,0,0,0,0,0,0,0,1,529,1357,1170,940,0,0
4E343FA9-41E6-A1E1-7708-F7F0EB02250C,FORD,FORD TOURNEO CONNECT,29_34,2054,1874,1120,1790,2295,1718,113,1,0,0,7,1,5,5,0,2,1,2,0,0
855BE595-7A1B-6B98-5C4D-C8A5783187B2,FORD,FORD TOURNEO COURIER,29_39,291,1130,8,0,0,0,0,0,0,0,0,0,0,0,0,0,0,0,0,0
974F5423-0E51-3C00-5C32-A10704B67C72,FORD,FORD TOURNEO CUSTOM,29_35,2697,3097,3333,2600,1398,2029,898,307,0,0,0,0,0,0,0,0,0,0,0,0
86A50E9B-0B1A-907E-7FB9-4C0CE6A6A41C,FORD,FORD TRANSIT CONNECT,29_36,39,225,322,174,245,324,124,329,224,18,16,21,36,33,22,9,24,14,21,13
9B499186-3AD8-5201-5369-AC8C9FF2099D,FORD,FORD TRANSIT COURIER,29_37,16,55,24,0,8,1,13,0,0,0,0,0,0,0,0,0,0,0,0,0
49CBACA8-591A-6EFC-7865-032DB34427CE,FORD,FORD TRANSIT CUSTOM,29_38,232,500,202,148,96,289,351,122,0,0,0,0,0,1,0,0,0,0,0,0
B76F5610-5ECD-8C6B-2DFC-3D5B139379E8,HONDA,HONDA ACCORD,34_1,3,1,3,6,2,168,446,519,1309,1428,1526,3764,3985,5179,5192,5419,4663,2927,1297,1275
8F7978B8-5A25-94BA-478E-1CB000F44FF1,HONDA,HONDA CIVIC,34_2,5648,12489,13638,14311,16278,15198,14741,15771,13703,11781,18386,22363,27536,33661,25219,19748,17205,13894,12113,9009
9B571CFF-76DA-724F-7101-399682E1112D,HONDA,HONDA CRV,34_3,0,44,8207,11754,14558,14660,15363,14649,12897,10448,10678,10689,12371,17925,12396,12205,8441,7782,5648,2361
426CB461-0341-7B37-2F94-6DA7F2577E33,HONDA,HONDA CR-V,34_3,5420,7873,1389,0,1,0,1,1,0,0,0,1,0,0,0,0,0,0,0,0
67E98605-0AEB-6D77-537E-D6974EC7A620,HONDA,HONDA CR-Z,34_4,0,0,0,0,0,23,165,295,629,1458,1300,0,0,0,0,0,0,0,0,0
60F49A65-9EC3-1B0C-53D2-18FA6C5F7F4D,HONDA,HONDA FR-V,34_7,0,0,0,0,0,0,0,0,0,0,79,1369,2048,2278,2579,2168,320,0,0,0
E38A9533-266E-3427-92F6-B107ACC48BDF,HONDA,HONDA HR-V,34_8,3586,4663,5946,5726,6839,2754,0,0,0,0,0,0,0,1,37,289,373,424,795,820
B55C77CD-22FD-3CC9-0043-3A4FA0042F03,HONDA,HONDA INSIGHT,34_9,0,1,0,0,0,3,232,422,1289,1768,2882,2139,2,0,2,7,4,3,33,61
85F3A356-7700-1B90-6139-EC4CB15453A8,HONDA,HONDA INTEGRA,34_10,0,0,0,0,0,0,0,0,0,0,0,0,0,1,9,28,40,48,84,101
A1742363-6722-8E2C-5E4B-83C08266161B,HONDA,HONDA JAZZ,34_11,10537,16262,19585,17322,18273,17661,19598,20605,21027,19715,22439,24844,22718,23782,24300,21078,15897,9728,5099,2
9BD879AD-87A6-1D9E-1D27-575E0A2807F9,HONDA,HONDA LEGEND,34_12,0,0,0,0,0,0,0,0,0,0,0,70,111,132,95,1,2,4,17,24
CE5583F8-267C-266E-2913-EF30B0760A4A,HONDA,HONDA NSX,34_13,4,9,11,44,7,0,0,0,0,0,0,0,0,0,0,10,3,7,12,2
F5B074EB-1BC3-8FDE-1B5E-6AD851635293,HONDA,HONDA ODYSSEY,34_14,0,1,2,1,6,3,7,2,8,3,3,8,10,4,5,10,11,7,2,7
FD77EF37-4424-3ED1-45F7-A4497BDC94F9,HONDA,HONDA PRELUDE,34_19,0,0,0,0,0,0,0,0,0,0,0,0,1,1,0,0,0,1,0,0
7D8E0A43-5F2E-6BFB-7501-F6B6F50497B4,HONDA,HONDA S2000,34_16,0,0,0,0,0,0,0,0,0,0,4,248,201,345,397,575,555,573,540,207
A6945713-5424-005F-8E83-6CFD6AC5A2A8,HONDA,HONDA STEPWAGON,34_17,0,0,0,0,0,1,3,0,6,3,11,19,27,28,33,51,34,29,6,12
C4AD523C-0B47-487A-5890-7A1C77EC2C77,HONDA,HONDA STREAM,34_18,0,0,0,0,0,0,0,0,0,0,1,4,2,2,4,57,210,166,390,311
BCC6AECC-580F-43D5-6815-275A23C16766,HUMMER,HUMMER H2,35_2,0,0,0,0,0,0,0,0,0,1,1,1,6,1,2,4,4,2,0,0
F94B18ED-5140-0E1D-0317-85A9A9022237,HUMMER,HUMMER H3,35_3,0,0,0,0,0,0,0,0,0,0,0,5,26,30,8,6,0,0,0,0
68E12F24-6F33-97B0-7F8E-DD0BB8B34509,HYUNDAI,HYUNDAI ACCENT,36_1,0,0,0,0,0,0,0,1,1,0,0,23,163,361,389,620,424,336,575,339
C6269D8C-6BBF-A07B-5510-B98BA4399EE5,HYUNDAI,HYUNDAI AMICA,36_2,0,0,0,0,0,0,0,0,0,0,0,0,1285,3118,2793,0,0,36,853,761
0B19F907-87F1-2B6F-2FB3-2F6278B0A175,HYUNDAI,HYUNDAI COUPE,36_3,0,0,0,0,0,0,0,0,0,0,0,1436,1462,2269,2011,1438,931,570,336,219
D2B5E8DE-49CF-7498-60CA-D6F01122257D,HYUNDAI,HYUNDAI ELANTRA,36_4,0,0,0,0,0,0,0,0,0,0,0,0,0,0,53,99,76,69,72,45
B210418E-2470-3914-0CD8-8A4319F43BC8,HYUNDAI,HYUNDAI GENESIS,36_5,0,0,0,3,19,17,3,1,0,0,0,0,0,0,0,0,0,0,0,0
14E9BA22-5B1C-90B6-51C7-2C344322495A,HYUNDAI,HYUNDAI GETZ,36_6,0,0,0,0,0,0,0,0,0,0,0,523,5693,6628,6230,5811,5418,2870,289,0
1D15BEA8-5834-4F21-786B-AD4914786ED3,HYUNDAI,HYUNDAI GRANDEUR,36_7,0,0,0,0,0,0,0,0,0,0,4,2,4,14,1,1,0,0,0,0
3B5304EE-25A6-25B9-9242-2DAB3BA0213D,HYUNDAI,HYUNDAI I10,36_8,6452,17947,20719,23664,22569,22639,23655,21435,21361,18439,20912,21758,5668,0,0,0,0,0,0,0
FEAD3B6A-0B0F-A483-8F41-02C065324CD2,HYUNDAI,HYUNDAI I20,36_9,4207,7393,8877,11863,14178,13198,13696,13275,10308,10710,11182,11244,123,0,0,0,0,0,0,0
DAF5F436-7774-7EDC-8F67-560F28358B98,HYUNDAI,HYUNDAI I30,36_10,1650,4281,7491,7090,10402,14649,10562,11234,9627,10385,12273,11059,3480,1226,0,0,0,0,0,0
B7704F31-325C-043C-7AAC-C0231D1C4A23,HYUNDAI,HYUNDAI I40,36_12,6,524,1324,2865,4019,4120,4300,3403,3917,713,0,0,0,0,0,0,0,0,0,0
FCC606DB-5C54-0421-03EA-F3879A956D05,HYUNDAI,HYUNDAI I800,36_13,79,1734,1124,1327,1014,154,152,213,965,566,525,199,161,0,0,0,0,0,0,0
D544CA40-3DB9-40CF-3F25-77011C9D95D7,HYUNDAI,HYUNDAI IONIQ,36_14,7096,8310,7263,4818,421,0,0,0,0,0,0,0,0,0,0,0,0,0,0,0
349D5654-1092-652D-68B2-89FA03D23230,HYUNDAI,HYUNDAI IX20,36_15,119,1564,2241,3876,3779,3413,3619,3509,3725,3857,371,0,0,0,0,0,0,0,0,0
5335988F-6514-0FA2-5D2C-89A4E7C407A8,HYUNDAI,HYUNDAI IX35,36_16,0,0,0,2,336,12819,14744,11562,9282,5823,3370,0,0,0,0,0,0,0,0,0
FA8C802B-11E0-A7BD-53EB-5C63E7CF05ED,HYUNDAI,HYUNDAI KONA,36_17,12073,8561,6508,425,0,0,0,0,0,0,0,0,0,0,0,0,0,0,0,0
36C4C508-7375-5666-3EDD-A81D38B6512A,HYUNDAI,HYUNDAI LANTRA,36_4,0,0,0,0,0,0,0,1,0,0,0,0,0,0,0,0,0,0,0,7
DE597BB6-0E20-7F48-29A4-EEF962413FAD,HYUNDAI,HYUNDAI MATRIX,36_18,0,0,0,0,0,0,0,0,0,6,214,393,723,1133,1338,1318,880,466,224,28
9085A3E7-5401-4C9C-9187-7CC13D8D3466,HYUNDAI,HYUNDAI SANTA FE,36_20,544,1182,2071,2827,4525,3179,2720,1554,3427,3830,3698,942,1320,2117,2539,1707,1456,900,419,117
D5AEEDD3-12A8-3B4D-38E0-300DA66F1803,HYUNDAI,HYUNDAI SONATA,36_21,0,0,0,0,0,0,0,0,0,1,31,69,79,181,196,170,88,72,42,19
AB19966B-6453-59EA-5BA9-2ECF8AE554F4,HYUNDAI,HYUNDAI TERRACAN,36_22,0,0,0,0,0,0,0,0,0,0,0,0,0,370,462,735,598,215,0,0
608D33DB-514C-047B-9A57-7E7E2DAC3639,HYUNDAI,HYUNDAI TRAJET,36_23,0,0,0,0,0,0,0,0,0,0,0,0,0,14,255,356,201,129,73,33
61F79595-235F-254B-59F2-489DBEA67A3B,HYUNDAI,HYUNDAI TUCSON,36_24,12887,25445,25419,24127,21703,5161,1,0,1,0,323,820,973,1868,2660,2366,669,1,0,0
E4C65DD7-789D-4576-9C1E-14D696532048,HYUNDAI,HYUNDAI VELOSTER,36_25,0,0,0,0,0,22,143,880,1517,13,0,0,0,0,0,0,0,0,0,0
61CAA7F0-6B14-339C-3FB7-78A570822BEB,INFINITI,INFINITI FX30,37_2,0,0,0,0,0,0,2,192,175,124,24,0,0,0,0,0,0,0,0,0
DF78C204-3279-3470-261F-1538997B9307,INFINITI,INFINITI Q30,37_5,0,208,312,2505,1764,10,0,0,1,0,0,0,0,0,0,0,0,0,0,0
3F626C4D-6340-3BFD-2100-571C98888CDF,INFINITI,INFINITI Q50,37_6,0,18,258,400,633,765,428,19,0,0,0,0,0,0,0,0,0,0,0,0
E426FD62-64CD-941D-9B3B-B96D307A3DA9,INFINITI,INFINITI Q60,37_7,0,3,60,89,15,3,8,0,0,0,0,0,0,0,0,0,0,0,0,0
DB760700-675D-451E-8554-12D788C44C02,INFINITI,INFINITI Q70,37_8,0,1,4,132,84,141,12,0,0,0,0,0,0,0,0,0,0,0,0,0
A186890C-9F7C-112E-1526-EDA66A972931,INFINITI,INFINITI QX30,37_9,0,48,85,131,53,0,0,0,0,0,0,0,0,0,0,0,0,0,0,0
C922E4DC-3DEB-5176-8D96-1876F42F6B23,INFINITI,INFINITI QX50,37_10,0,0,0,0,33,27,8,0,0,0,0,0,0,0,0,0,0,0,0,0
A20BD497-817F-2F8C-13BA-2AF97E4B6344,INFINITI,INFINITI QX70,37_11,0,0,0,10,143,109,150,9,0,0,0,0,0,0,0,0,0,0,0,0
7EF272FF-50F8-A558-1394-1EC73C7A57A4,ISUZU,ISUZU D-MAX,38_2,0,1,6,0,1,0,0,0,0,0,0,0,3,0,0,0,0,0,0,0
A911228B-3287-9B15-3771-7CA79C1B1806,ISUZU,ISUZU TROOPER,38_4,0,0,0,0,0,0,0,0,0,0,0,0,0,0,0,120,246,318,451,263
AD9D8AF9-3385-78A2-166A-64FD6B8546A3,JAGUAR,JAGUAR EAGLE,39_14,52,78,88,96,81,96,94,85,95,52,24,23,24,23,19,9,1,0,0,0
BA155020-6B58-2A81-17A4-A08F31184D03,JAGUAR,JAGUAR E-PACE,39_1,6130,10661,10141,211,0,0,0,0,0,0,0,0,0,0,0,0,0,0,0,0
B537C747-934C-A248-693E-B2E6D84086AE,JAGUAR,JAGUAR F TYPE,39_3,643,753,1448,1968,1976,1891,1981,1080,2,0,0,0,0,0,0,0,0,0,0,0
76458BBA-92FC-4641-1EB7-F510ACCD2FDB,JAGUAR,JAGUAR F-PACE,39_2,6478,9629,10458,12179,7590,10,0,0,0,0,0,0,0,0,0,0,0,0,0,0
DC044ACF-5F4A-6EA6-4EA8-FA520B9589FF,JAGUAR,JAGUAR F-TYPE,39_3,302,705,248,0,0,0,0,1,0,0,0,0,0,0,0,0,0,0,0,0
9AD9306A-5374-39C3-6CB9-DD6A4D6BA50E,JAGUAR,JAGUAR I-PACE,39_13,8218,3935,708,0,0,0,0,0,0,0,0,0,0,0,0,0,0,0,0,0
A2F0B5B4-8AF9-6FC0-31B6-3E35AC3D126C,JAGUAR,JAGUAR S TYPE,39_4,0,0,0,0,0,0,0,0,0,0,0,1,12,2774,2622,2640,2902,2394,1928,1320
D95D8592-A4E4-39F5-09F9-A95E754C2BBC,JAGUAR,JAGUAR X TYPE,39_5,0,0,0,0,0,0,0,0,0,1,195,5040,6519,6159,6757,6310,6111,4397,2979,1203
11AAAFFE-571B-5C14-8721-F56CE79B68D7,JAGUAR,JAGUAR XE SERIES,39_6,1619,4478,5585,10692,12422,8855,1,0,0,0,0,0,0,0,0,0,0,0,0,0
0D98E45D-3018-A5EC-69A2-3E3E257862AC,JAGUAR,JAGUAR XF SERIES,39_7,1292,3235,5549,7023,8709,10025,12452,11370,10449,8967,10615,8134,6529,61,0,1,0,0,0,0
A8EFF96E-8693-31AE-3E9F-FA309E3E3D6D,JAGUAR,JAGUAR XJ SERIES,39_8,166,400,710,884,1086,972,1038,1148,1027,1557,1397,559,942,1309,1477,1257,1903,2080,679,731
E289AACC-68B8-0212-090A-49D34EC48259,JAGUAR,JAGUAR XK SERIES,39_9,0,0,0,0,0,107,1060,783,809,1102,1302,1121,1276,2135,1930,878,832,902,916,1085
6340D687-591A-4842-0FB8-BF609D85391B,JEEP,JEEP CHEROKEE,40_1,4,25,321,558,1487,2122,1218,137,592,304,750,841,970,2422,3348,2694,2668,2377,1826,1057
4FFEE0D6-7440-8532-5774-4962921E307C,JEEP,JEEP COMMANDER,40_2,0,0,0,0,0,0,0,0,0,0,0,84,18,482,346,0,0,0,0,0
794FC868-8439-0518-475E-842355E37DB3,JEEP,JEEP COMPASS,40_3,1652,2969,2319,18,0,4,434,574,892,887,5,81,136,105,1,0,0,0,0,0
E509B995-8557-6792-54C5-ACDA7D2C51A0,JEEP,JEEP GRAND CHEROKEE,40_4,64,249,412,861,986,1352,1522,922,57,0,0,0,0,1,0,1,0,0,0,0
74F0D6F4-384F-3968-33BE-84D855A00AA2,JEEP,JEEP PATRIOT,40_5,0,0,0,0,0,0,1,1,0,397,759,557,1312,460,0,0,0,0,0,0
191E5EA5-07C8-4692-9D9E-4FA411669DA4,JEEP,JEEP RENEGADE,40_6,1898,1798,2314,3953,10422,5874,0,0,0,0,0,0,0,0,0,0,0,0,0,0
46F264DB-435B-6F92-554D-F4F39D2850D2,JEEP,JEEP WRANGLER,40_7,755,621,365,248,257,484,330,209,154,120,153,310,178,222,90,79,131,136,126,176
71033501-427E-46DC-9686-6643ECE657DD,KIA,KIA CARENS,43_1,0,87,1535,1764,1811,2211,2305,1506,127,459,479,1799,1956,1187,838,481,336,199,24,36
6A79B3CD-27ED-18D1-35D8-41FDD95D4DD7,KIA,KIA CEED,43_2,4053,9763,8519,7692,8583,10038,10192,10630,12737,8692,10526,9787,7187,4052,0,0,0,0,0,0
F1B55159-4F1D-69F3-0161-7D115F3B0FCF,KIA,KIA CERATO,43_3,0,0,0,0,0,0,0,0,0,0,0,0,0,125,776,833,220,0,0,0
5CB0FD25-4705-175C-7137-A397EFC33889,KIA,KIA CLARUS,43_3,1,0,0,0,0,0,0,0,0,0,0,0,0,0,0,0,0,0,0,2
8CA2D178-3830-6CEC-6AEF-6A713F7023B1,KIA,KIA MAGENTIS,43_4,0,0,0,0,0,0,0,0,0,1,158,196,117,208,251,157,108,62,26,7
F16A9B35-8F0B-2661-4513-218A03AE597B,KIA,KIA MENTOR,43_17,0,0,0,0,0,0,0,0,0,0,0,0,0,0,0,0,2,0,16,10
59F15F7D-4BCF-4128-936E-7F3478470E79,KIA,KIA NIRO,43_5,18234,8932,6089,4047,1197,0,0,0,0,0,0,0,0,0,0,0,0,0,0,0
E9D46F17-3F1F-5D18-1169-8CFDE906263E,KIA,KIA OPTIMA,43_6,131,1723,2731,3267,1272,646,672,381,799,34,0,0,0,0,0,0,0,0,0,0
96AE1005-8524-30E5-78CE-F306B0BB74D4,KIA,KIA PICANTO,43_7,8935,17372,15738,12866,12588,13631,14575,12910,13392,11119,14469,14514,3860,4010,6687,6392,3556,0,0,0
D15DD230-3AA2-83B6-2D0C-9B30DD6B0135,KIA,KIA PRO CEED,43_8,936,1814,519,906,1214,1327,1588,1054,0,0,0,0,0,0,0,0,0,0,0,0
2E04D8FE-701C-48AB-9752-0692E46772F2,KIA,KIA RIO,43_9,3395,4854,5621,7998,8936,11499,11445,10386,9588,7734,7450,6429,3108,2018,1845,1214,851,504,247,73
6936F091-59FD-35F1-920B-F1E28C7F915E,KIA,KIA SEDONA,43_10,3,0,0,0,1,0,1,0,137,787,928,703,1614,1727,1405,1110,800,335,88,32
D8E5C644-45A5-5641-A1CC-2B12A15B85CD,KIA,KIA SHUMA,43_17,0,0,0,0,0,0,0,0,0,0,0,0,0,0,0,0,7,37,32,27
FC2CBD96-54B0-2D88-827C-735A514960A6,KIA,KIA SORENTO,43_11,1161,2724,2752,3126,3182,4082,2958,2205,2046,1835,2128,1723,1450,2137,3725,2507,1726,561,0,0
7B56F773-608F-92CB-A277-910777F644CE,KIA,KIA SOUL,43_12,871,339,1920,1645,2129,2589,2689,1294,1660,3531,3128,2462,0,0,0,0,0,0,0,1
40387B50-134B-6756-856C-CAED509C7C57,KIA,KIA SPORTAGE,43_13,17323,32594,34280,35672,37482,21628,19877,18981,13582,8320,4919,3225,2402,2476,2430,2537,14,95,30,36
9105436A-2744-21A7-7AA9-8BE047F381F1,KIA,KIA STINGER,43_14,4,42,0,0,0,0,0,0,0,0,0,0,0,0,0,0,0,0,0,0
DC50D0E7-32C9-28B5-9E56-604FD3167672,KIA,KIA STONIC,43_15,4502,8099,6753,699,0,0,0,0,0,0,0,0,0,0,0,0,0,0,0,0
EE29720A-4672-247C-74C9-27784EED985E,KIA,KIA STINGER,43_14,198,852,623,124,0,0,0,0,0,0,0,0,0,0,0,0,0,0,0,0
12399B73-7CE5-14F5-7694-3623E16F2E57,KIA,KIA VENGA,43_16,0,2608,3641,5478,5686,6239,5526,5768,5155,4577,3295,26,0,0,0,0,0,0,0,0
AC586414-0F68-47B5-1583-5CD9F89F3C63,KIA,KIA XCEED,43_19,6370,813,0,0,0,0,0,0,0,0,0,0,0,0,0,0,0,0,0,0
627B4F6C-19AA-A588-856E-6253FDD149D2,LAMBORGHINI,LAMBORGHINI AVENTADOR,45_1,63,89,97,65,61,39,31,29,19,5,0,0,0,0,0,0,0,0,0,0
AC027C41-812D-38E7-1CF8-F4ADE7C81CA2,LAMBORGHINI,LAMBORGHINI DIABLO,45_2,0,0,0,0,0,0,0,0,0,0,0,0,0,0,0,0,0,0,1,5
85364B2C-418F-1F1A-7788-CEA890A9559C,LAMBORGHINI,LAMBORGHINI GALLARDO,45_3,0,0,0,0,0,0,7,24,39,28,26,30,48,72,43,25,39,2,0,0
80F224CC-25EF-150E-980B-A3940E866D8D,LAMBORGHINI,LAMBORGHINI HURACAN,45_4,96,160,172,87,62,87,19,0,0,0,0,0,0,0,0,0,0,0,0,0
9A07B3E9-8400-37E1-309A-3F8DAC2C4031,LAMBORGHINI,LAMBORGHINI MURCIELAGO,45_5,0,0,0,0,0,0,0,0,0,0,3,5,12,7,2,5,7,7,9,0
145E9E06-7FAC-0696-9C8C-DA7774F15A01,LAND ROVER,LAND ROVER 110,47_1,0,1,2,0,0,0,0,0,1,1,0,0,0,0,0,2,2,2,0,1
EDF5D999-9634-2868-7C77-4D38D8C14627,LAND ROVER,LAND ROVER DEFENDER,47_5,4296,1,0,0,2,16,27,13,8,7,690,1061,1451,1540,1386,1494,1359,1350,813,127
28347B5C-4FB1-9900-27B4-467B185A9637,LAND ROVER,LAND ROVER DISCOVERY,47_6,15762,22509,26722,33138,31681,23571,7066,5869,6664,6017,6809,5622,5598,8251,9712,9904,7746,7043,5881,5174
7694622C-8CCD-7C68-8EDA-09CC553B2298,LAND ROVER,LAND ROVER FREELANDER,47_11,0,0,0,0,26,42,11647,13265,10553,12448,14631,10409,11822,16295,9213,9834,9459,6830,5114,2734
20CEC33F-56AD-51E7-4683-0CB13B004561,LAND ROVER,LAND ROVER RANGE ROVER,47_13,36052,48419,45902,42860,41679,37174,31705,29258,24856,13994,9955,7992,8007,10975,10701,7613,4092,3751,2499,1525
C3F8DD7E-3A62-A580-6AEA-96BBE5D92970,LEXUS,LEXUS CT 200,48_1,1245,1815,2606,2788,2827,3361,3687,3647,4184,3779,0,0,0,0,0,0,0,0,0,0
A355F5A9-724A-934E-9738-1C1056321676,LEXUS,LEXUS ES 300,48_32,1058,931,0,0,0,0,0,0,0,0,0,0,0,0,0,0,0,0,0,0
C648ECDD-3767-8343-42D9-75D5E4F28B3B,LEXUS,LEXUS GS 250,48_2,0,0,0,0,0,0,5,362,240,0,0,0,0,0,0,0,0,0,0,0
A6EAAAB4-1E1E-0296-9C88-FEF9DBF726D7,LEXUS,LEXUS GS 300,48_2,0,3,205,309,491,0,0,0,0,0,0,0,0,0,0,0,0,0,0,0
B7DEAD5D-5092-75CA-5902-6662C9592548,LEXUS,LEXUS GS 450,48_2,0,0,21,29,46,42,75,170,335,67,179,233,391,520,386,0,0,0,0,0
32DEC386-964B-157E-3F48-788CDA1985D1,LEXUS,LEXUS GS300,48_2,0,0,0,0,4,340,433,63,0,0,1,106,190,364,534,895,108,184,227,204
A462275F-33CF-937D-A63E-FBC21E53957A,LEXUS,LEXUS IS F,48_8,0,0,0,0,0,0,0,10,8,28,31,32,67,0,0,0,0,0,0,0
393C185B-33F4-7E9B-A05F-67AFCD787C61,LEXUS,LEXUS IS200,48_8,0,0,0,17,69,43,0,0,128,549,89,0,0,0,0,1072,2045,1849,1522,1291
40D3B95B-6167-6730-85E6-580542B4047C,LEXUS,LEXUS IS220,48_8,0,0,0,0,0,0,0,0,1,21,937,1494,1934,2998,2174,37,0,0,0,0
53ACB7DD-8B0C-499C-75E3-6C52C36D0F1D,LEXUS,LEXUS IS250,48_8,0,0,0,0,0,68,205,199,765,964,1443,1427,1810,2395,2387,954,0,0,0,0
B10CDB6D-14D9-828B-5E15-D20B52149AAD,LEXUS,LEXUS IS300,48_8,555,1134,1411,1427,1852,2613,2869,1477,0,0,0,0,0,0,0,74,199,215,263,110
870C02BC-9EAE-8B69-5B26-029B6F114B49,LEXUS,LEXUS LC 500,48_14,45,70,136,145,0,0,0,0,0,0,0,0,0,0,0,0,0,0,0,0
70997CC7-A4AE-9DF7-5F37-252FC6118430,LEXUS,LEXUS LS430,48_15,0,0,0,0,0,0,0,0,0,0,0,0,0,1,82,279,271,211,219,255
54DE9A67-A5CA-6CE0-072D-CFBF7ED61A5D,LEXUS,LEXUS NX300,48_18,4142,4443,4486,3656,3607,2972,792,0,0,0,0,0,0,0,0,0,0,0,0,0
F726AF51-144E-5C33-1A61-DFA5BC438965,LEXUS,LEXUS RC 300,48_21,247,385,380,394,532,45,0,0,0,0,0,0,0,0,0,0,0,0,0,0
77B1FAF4-493F-8DF7-772F-FBA49A6015F6,LEXUS,LEXUS RC F,48_21,6,10,17,13,28,130,5,0,0,0,0,0,0,0,0,0,0,0,0,0
9D66728F-5C23-216B-3124-ADEC9C656B81,LEXUS,LEXUS RX300,48_24,0,0,0,0,0,0,0,0,0,0,0,0,0,2,411,1668,2137,1036,433,333
9F21C491-66FB-88E3-658E-41F7606C22A2,LEXUS,LEXUS RX350,48_24,0,0,0,0,0,1,0,0,0,0,0,60,104,423,416,0,0,0,0,0
7F876B58-82E0-4216-777B-88DF06F6A772,LEXUS,LEXUS RX400,48_24,0,0,0,0,0,0,0,0,0,0,5,1213,2552,2885,2092,1127,0,0,0,0
6B36DC60-04B3-6D50-1139-C559134D02B8,LEXUS,LEXUS RX450,48_24,1621,1880,1554,2000,2319,1287,1619,1808,1736,1786,2521,1169,0,0,0,0,0,0,0,0
06A2C46B-4AFC-666D-1A1E-3CC591569A21,LEXUS,LEXUS RX,48_24,341,472,386,0,0,0,0,0,0,0,0,0,0,0,0,0,0,0,0,0
4EB39C22-740E-9767-639C-90D050097381,LEXUS,LEXUS SC430,48_30,0,0,0,0,0,0,0,0,0,0,0,51,51,148,172,219,212,270,318,196
568E19EE-4B56-3D4E-0EE6-BEB263996CBB,LEXUS,LEXUS UX 250H,48_31,3899,3336,0,0,0,0,0,0,0,0,0,0,0,0,0,0,0,0,0,0
CB510FB4-00E2-4384-95FE-CC5BFC362174,LINCOLN,LINCOLN TOWN CAR,49_2,0,0,0,0,0,0,0,0,0,0,1,0,1,3,3,7,4,3,2,8
0507ABB5-58D9-29BC-7353-63E026CB9AE3,LOTUS,LOTUS ELISE,51_3,70,78,60,75,81,95,74,44,37,59,101,85,159,170,185,214,195,227,339,220
AF96C316-7A72-3CBF-0F8F-CA3A65D29352,LOTUS,LOTUS ESPRIT,51_5,0,0,0,0,0,0,0,0,0,0,0,0,0,0,0,0,0,5,6,3
786BAA2F-7209-2FD1-83B0-A855D9D490FA,LOTUS,LOTUS EVORA,51_6,23,44,53,32,71,56,44,41,36,89,130,59,0,0,0,0,0,0,0,0
E9A8848B-2B76-8F9A-9F65-E7E67A7D2778,LOTUS,LOTUS EXIGE,51_7,73,72,75,74,75,69,71,51,1,8,51,28,68,74,79,60,29,0,0,21
045993F6-013D-5AB3-9C09-2748C26D4902,MASERATI,MASERATI 3200,55_1,0,0,0,0,0,0,0,0,0,0,0,0,0,0,0,0,0,1,22,105
762E9030-3A27-06E6-7FD3-7DD4BDA43242,MASERATI,MASERATI COUPE,55_4,0,0,0,0,0,0,0,0,0,0,0,0,2,8,43,111,141,106,50,0
BCAE9797-8F7A-1593-76F8-45B030A15B45,MASERATI,MASERATI GHIBLI,55_5,101,222,346,466,792,777,650,2,0,0,0,0,0,0,0,0,0,0,0,0
5CC469A2-1F15-1917-3E93-556828547FFF,MASERATI,MASERATI GRAN TURISMO,55_8,2,12,0,0,2,1,1,34,113,149,157,186,318,137,0,0,0,0,0,0
C6EA0959-0039-893A-3C10-1FB8EC0D507D,MASERATI,MASERATI GRANCABRIO,55_6,14,23,39,31,52,52,39,72,70,88,107,0,0,0,0,0,0,0,0,0
5F3DC76C-0D07-1FAA-6E28-0DA001799360,MASERATI,MASERATI GRANSPORT,55_7,0,0,0,0,0,0,0,0,0,0,0,1,3,55,26,0,0,0,0,0
0937FDEE-9D92-8CBE-6E59-80BA24477DCF,MASERATI,MASERATI GRANTURISMO,55_8,18,58,92,57,88,103,107,110,29,0,0,1,0,0,0,0,0,0,0,0
DDC5AE08-5D75-A0CD-3100-5EA9B64E7075,MASERATI,MASERATI LEVANTE,55_9,408,512,599,629,95,0,0,0,0,0,0,0,0,0,0,0,0,0,0,0
2D1710E7-5F1D-74D5-1A46-12DD7BFB5E97,MASERATI,MASERATI QUATTROPORTE,55_10,9,39,66,70,121,158,127,23,8,33,47,95,117,159,97,85,47,0,0,1
BC2DE039-52CA-232E-0DE9-A92EE4CE6799,MASERATI,MASERATI SPYDER,55_11,0,0,0,0,0,0,0,0,0,0,0,0,0,1,3,17,22,35,61,4
35FB5D0F-A494-621B-8355-CE4DAA7F1C67,MAYBACH,MAYBACH 57,56_1,0,0,0,0,0,0,0,0,0,1,0,1,0,5,1,4,1,4,0,0
E7421B2B-202C-6F12-9785-BB7451F92485,MAYBACH,MAYBACH 62,56_2,0,0,0,0,0,0,0,0,1,1,2,0,0,2,4,5,7,2,0,0
2754B664-70E8-33EA-4F35-AD9144D72F15,MAZDA,MAZDA 2,57_10,4091,8360,7936,7537,10122,10018,8556,8764,9205,11110,13546,14206,9958,3795,2203,2032,1761,802,0,0
7A0E23D1-9C39-7F17-9598-807E900E2836,MAZDA,MAZDA 3,57_11,4232,4276,6899,8013,10650,11950,8663,5315,5337,6010,9590,9399,8545,8119,7285,5927,2112,29,0,0
072E21DA-4F68-4F67-25C7-8BDB5C981BFF,MAZDA,MAZDA 323,57_1,0,0,2,0,0,0,0,0,0,1,0,0,0,0,0,0,7,574,515,357
12403FED-1FF2-9708-851D-CE341CF67724,MAZDA,MAZDA 5,57_12,0,0,0,0,14,721,628,786,811,932,1791,2022,3502,3465,1864,521,0,0,0,0
6EBF1481-5C6A-9559-3EFA-56463EA11227,MAZDA,MAZDA 6,57_13,1025,4376,3234,4645,7113,7152,6919,4891,3563,5439,7544,6727,6599,5393,3344,2336,1211,657,246,0
E3753303-2205-0CA5-A3A2-01D2422F2FCD,MAZDA,MAZDA 626,57_2,0,0,0,0,0,0,0,0,0,0,0,0,0,0,0,0,0,1,119,150
4FC5B98E-2BF7-74EC-8464-21532D0AA646,MAZDA,MAZDA B2500,57_3,0,0,0,0,0,0,0,0,0,0,0,0,0,0,0,0,0,0,2,0
B9161D5C-803D-135A-0FC9-3A7C19AE42CB,MAZDA,MAZDA CX3,57_6,2721,16161,9522,4732,4854,2365,0,0,0,0,0,0,0,0,0,0,0,0,0,0
CFD9B879-392E-47EA-7819-7DAEEF3C6006,MAZDA,MAZDA CX5,57_7,2938,1411,5924,6961,7169,7249,7121,5514,1651,0,0,0,0,0,0,0,0,0,0,0
A88A90B3-495D-9FF5-69B7-78636BA05F4F,MAZDA,MAZDA CX7,57_8,0,0,0,0,0,0,0,3,178,538,674,317,306,211,0,0,0,0,0,0
B1A085F2-3ABB-3EDB-84ED-F51309088CCE,MAZDA,MAZDA DEMIO,57_9,0,0,0,0,0,0,1,1,2,2,11,12,16,3,0,1,1,137,312,250
F42A0DD2-9D49-0830-2DDF-28BED81C4BD6,MAZDA,MAZDA MPV,57_14,0,0,0,0,0,0,0,0,0,0,0,1,3,5,3,7,24,24,15,5
9DF16A2E-06B7-3382-5341-4112683823C3,MAZDA,MAZDA MX5,57_15,882,0,0,0,0,0,0,0,0,0,0,0,0,0,0,0,0,0,0,0
00F856ED-5A8E-9617-051D-8EBDB2F42AA8,MAZDA,MAZDA MX-5,57_15,175,3988,4060,4408,3972,2864,2752,3011,3034,3299,4548,4059,5179,7313,6251,3306,3329,4260,3173,1812
8BF8195D-87B8-4EEA-49D0-6ACCA8293002,MAZDA,MAZDA PREMACY,57_17,0,0,0,0,0,0,1,0,1,0,0,0,0,0,1,2,151,100,84,144
95A96A65-0D43-3E6F-001C-4592A6B9135A,MAZDA,MAZDA RX8,57_18,0,0,0,0,0,0,0,0,0,25,100,313,473,779,847,632,775,139,0,0
2D4E1492-576C-1E49-0613-7043FE594A99,MAZDA,MAZDA TRIBUTE,57_19,0,0,0,0,0,0,0,0,0,0,0,0,0,0,1,2,97,110,82,31
0741C7A6-9D5C-96BA-0611-D4CE5C9B91EC,MCLAREN,MCLAREN 540C,58_2,1,7,9,43,17,2,0,0,0,0,0,0,0,0,0,0,0,0,0,0
DA7ECA6E-7E19-958F-4685-65B5F8733083,MCLAREN,MCLAREN 570GT,58_3,6,52,51,84,7,0,0,0,0,0,0,0,0,0,0,0,0,0,0,0
A1B227EB-8A48-3637-4C2C-1DF91E5A0B46,MCLAREN,MCLAREN 570S,58_4,21,120,195,149,85,5,0,0,0,0,0,0,0,0,0,0,0,0,0,0
C1AA98DB-9048-1875-8203-35BC77E014B7,MCLAREN,MCLAREN 600LT,58_9,116,153,15,0,0,0,0,0,0,0,0,0,0,0,0,0,0,0,0,0
E55AA983-8DD4-8087-44EA-CF6C32EF9C91,MCLAREN,MCLAREN 650S,58_5,0,1,0,0,28,10,2,0,0,0,0,0,0,0,0,0,0,0,0,0
D2029E93-40D2-73C9-65F9-AA73226E0646,MCLAREN,MCLAREN 675LT,58_6,0,0,0,12,40,13,0,0,0,0,0,0,0,0,0,0,0,0,0,0
2B8E8C77-49DE-6F6A-02E1-14A747238B9D,MCLAREN,MCLAREN 720S,58_7,80,145,194,92,0,0,0,0,0,0,0,0,0,0,0,0,0,0,0,0
3A480656-345A-1CA8-048A-F1B8BB8D3C9B,MCLAREN,MCLAREN P1,58_8,0,0,0,0,0,1,0,1,0,0,0,0,0,0,0,0,0,0,0,0
8FC986F7-3387-14B8-2967-2E9C8E2F6C75,MERCEDES,MERCEDES 200,59_1,0,0,1,0,0,2,2,0,6,0,5,5,8,6,10,24,65,11,37,9
AA16AAC2-66DA-39F5-661B-7F58E6ED7773,MERCEDES,MERCEDES 500,59_7,0,1,0,0,0,0,0,0,0,0,1,0,0,0,1,1,3,17,9,0
19B1A64B-5ADA-6BFE-5311-4181459E17D5,MERCEDES,MERCEDES A CLASS,59_8,34775,47026,40848,39355,37366,27082,24248,16288,5591,5864,6895,7892,8325,8348,7638,5597,3008,3482,2535,1719
04B06999-758F-43E1-A397-C0EFA48C353C,MERCEDES,MERCEDES AMG CLASS,59_9,5205,9067,4122,3138,1605,634,0,0,0,0,0,0,0,0,0,0,0,0,0,0
DD31BFA0-4CF7-446C-5C30-F3013FD3590D,MERCEDES,MERCEDES B CLASS,59_11,2720,3975,3821,5540,5293,5664,8342,7238,5929,3864,5035,5094,4474,3854,3472,804,0,0,0,0
E372B908-0A00-A24B-85FA-4A62CDAC6A84,MERCEDES,MERCEDES C CLASS,59_12,9676,21683,28412,39648,37729,40124,33031,31068,30455,23539,17034,16194,17711,17238,15638,15552,12784,10175,6250,3443
7D7911F5-23D3-6679-1A0E-DA9F63CE45DF,MERCEDES,MERCEDES CITAN,59_13,37,6,3,4,1,5,0,0,0,0,0,0,0,0,0,0,0,0,0,0
2AB46CD4-0975-3E09-97C1-C2B0BF607DD3,MERCEDES,MERCEDES CL CLASS,59_15,0,0,0,0,0,0,90,109,99,110,166,223,241,478,51,172,228,304,364,208
E255A63F-61C7-9EA4-777C-8A9C602D37A7,MERCEDES,MERCEDES CLA CLASS,59_16,7782,8497,8408,8032,7755,3182,109,1,0,0,0,0,0,0,0,0,0,0,0,0
1EF5332D-6602-1941-3DD3-D346123E1C5B,MERCEDES,MERCEDES CLC CLASS,59_17,0,0,0,0,0,0,1,0,1,839,3341,4625,3242,0,1,0,0,0,0,0
E49D0C36-5F48-51E6-0196-6DB138510044,MERCEDES,MERCEDES CLK CLASS,59_18,0,0,0,0,0,0,0,0,0,1,24,3050,2868,4300,4044,5294,5118,4088,2371,1936
FA02B7C1-69CA-61D7-01FB-3DA249E801FD,MERCEDES,MERCEDES CLS CLASS,59_19,349,1021,988,1437,2112,2945,608,862,1056,1367,1245,1413,1824,2482,2176,1312,2,0,0,1
723429E7-042D-0BF2-24F2-18E007206BBB,MERCEDES,MERCEDES E CLASS,59_20,9725,18372,20137,20884,20580,21722,21475,20415,16076,15448,13652,8591,5754,7593,5649,6916,7162,5595,1996,1507
9967B4B4-98F1-550D-5756-3AAD6E6272C4,MERCEDES,MERCEDES G CLASS,59_21,167,139,62,96,80,172,655,610,74,64,13,5,5,4,3,3,3,3,4,9
18943C68-33C2-08BA-003E-888CDB605FCC,MERCEDES,MERCEDES GL CLASS,59_22,1,1,0,3,214,560,2,0,116,305,215,211,344,649,168,0,0,0,0,0
30B3EE1C-394A-1FBD-6F20-CA29C38E17C1,MERCEDES,MERCEDES GLA CLASS,59_23,9386,17092,16435,12308,10312,8715,3401,0,0,0,0,0,0,0,0,0,0,0,0,0
C85453FA-A130-23E7-0F7C-ADA46D791B71,MERCEDES,MERCEDES GLC CLASS,59_24,11711,17627,19632,12766,9509,1390,0,0,0,0,0,0,0,0,0,0,0,0,0,0
FC3EE819-0C7B-1C9E-295A-FABB9EF27C52,MERCEDES,MERCEDES GLE CLASS,59_25,5327,3527,5810,4168,5366,1222,0,0,0,0,0,0,0,0,0,0,0,0,0,0
D638F852-5BD6-3A4B-447D-8C8CBF44895C,MERCEDES,MERCEDES GLS CLASS,59_26,433,395,624,679,426,0,0,0,0,0,0,0,0,0,0,0,0,0,0,0
BFC3B18E-531B-6C51-5524-B8BE39C4A05F,MERCEDES,MERCEDES ML CLASS,59_27,0,0,0,0,7,3173,3980,4407,2721,2996,3184,2542,3146,3319,3027,1786,2662,2074,1952,1145
F2BA1A60-4869-6509-6DB0-BA116AB995DB,MERCEDES,MERCEDES R CLASS,59_28,0,0,0,0,0,0,0,157,309,413,260,244,364,559,506,0,0,0,0,0
A06EEE1F-4803-29A9-431E-3D534F020277,MERCEDES,MERCEDES S CLASS,59_29,563,1807,1951,2114,1988,2128,1706,1055,1348,1034,1015,1034,1193,1698,1374,781,964,1042,646,579
88972F43-138B-2BF1-64A7-DE80E8E01D2A,MERCEDES,MERCEDES SL CLASS,59_30,212,328,352,537,662,766,1036,1071,396,225,313,441,706,697,714,1052,1706,1908,888,234
4C75F724-4978-26EF-5AE9-739E4016131B,MERCEDES,MERCEDES SLC CLASS,59_31,544,898,1356,3077,2054,0,0,0,0,0,0,0,0,0,0,0,0,0,0,0
E93372E5-97A7-4AB6-3232-85353B2F9B9A,MERCEDES,MERCEDES SLK CLASS,59_32,0,0,0,1,1193,4737,4773,4558,5479,2492,2014,2406,3129,3387,3579,4753,3118,1943,2188,2454
03063BC4-64E9-2803-9ED0-7E75963E98D7,MERCEDES,MERCEDES SPRINTER,59_35,219,186,158,176,168,165,41,36,18,9,9,4,9,6,9,3,8,10,7,10
42A045B3-9DA8-7CF8-8FF8-B057E58B5140,MERCEDES,MERCEDES V CLASS,59_36,810,1980,1859,1849,1346,929,3,0,0,0,0,0,0,0,1,0,0,104,144,97
BA5F57C2-8E1A-2F94-5A3F-69930A692316,MERCEDES,MERCEDES VANEO,59_37,0,0,0,0,0,0,0,0,0,0,0,0,1,10,52,162,176,229,74,0
C591674A-3660-5AF6-29AC-8864D413462F,MERCEDES,MERCEDES VIANO,59_38,0,0,0,0,1,125,645,662,567,486,446,454,502,457,385,364,226,0,0,0
DE9608AA-4F12-5373-82EA-262A6E0C8631,MERCEDES,MERCEDES VITO,59_39,729,2114,1432,1238,990,525,572,485,506,318,426,414,113,71,66,40,23,17,11,8
12F7AED5-91E4-7A68-10C7-E74E9004A05B,MERCEDES,MERCEDES X CLASS,59_40,2,4,0,0,0,0,0,0,0,0,0,0,0,0,0,0,0,0,0,0
4BDF07E3-4E98-27CA-84EF-E0517B53129C,MG,MG 3,53_2,2236,3260,2566,2853,3059,2400,1628,192,0,0,0,0,0,0,0,0,0,0,0,0
326EB95B-45D7-26BB-99A1-0A9CE0B40828,MG,MG 6,53_3,0,0,0,0,348,473,261,58,21,0,0,0,0,0,0,0,0,0,0,0
3BED868E-981C-0B84-889F-837244B94123,MG,MG GS,53_1,0,351,932,923,561,0,0,0,0,0,0,0,0,0,0,0,0,0,0,0
A4ABF81B-1B79-27B0-5739-DA5AC1BF8A26,MG,MG MG6,53_3,0,0,0,0,0,2,215,189,603,240,0,0,0,0,0,0,0,1,0,0
2205125D-1363-4C0C-104A-E251DC3C20DB,MG,MG MGF,53_4,0,0,0,0,0,0,0,0,0,0,0,0,0,0,0,2,2,3,112,1567
C6700A8E-920C-A4D7-5A28-96F7094D5D1A,MG,MG TF,53_5,0,0,0,0,0,0,1,2,9,68,178,256,88,41,272,1190,2552,2675,1744,1
294A373F-44E9-24AD-A1D5-C260769E464F,MG,MG XS,53_10,3923,7252,5149,353,0,0,0,0,0,0,0,0,0,0,0,0,0,0,0,0
20AB4A58-599C-2483-101C-13A734DB6F3B,MG,MG ZR,53_6,0,0,0,0,0,0,0,0,0,0,0,0,2,4,105,761,1191,858,449,106
3EA6AF6A-1C87-152A-6EF8-0D54F1A13FCE,MG,MG ZS,53_7,8158,1075,0,0,0,0,0,0,0,0,0,0,1,0,78,388,623,455,366,118
0411AC82-7570-204E-3204-C616147A4C08,MG,MG ZT,53_8,0,0,0,0,0,0,0,0,0,0,0,0,5,26,190,715,1211,904,424,129
2E05D81A-5567-7FC6-9269-302689791F6C,MICROCAR,MICROCAR M-GO,61_1,0,0,35,49,91,62,64,54,61,63,102,29,0,0,0,0,0,0,0,0
E3169F17-9526-6239-7E9C-906C3EA05F23,MINI,MINI CLUBMAN,54_1,3432,5746,6930,7302,8451,1240,742,1415,1696,2103,2720,2891,4993,1475,0,0,0,0,0,0
4CD7B7EE-9B29-A3A6-2E3E-94DD37453B01,MINI,MINI COOPER,54_6,26817,36432,38958,35837,35204,33563,23176,15965,17780,17225,20724,21460,18921,25790,19133,19879,19128,15697,10833,2859
3FFBA059-976E-0BF5-19C3-334D25939853,MINI,MINI COUNTRYMAN,54_4,9758,16288,13653,10329,7969,8206,10813,10867,10168,8760,1393,0,0,0,0,0,0,0,0,0
E37A341F-0D46-4F3D-49B6-F63004CA580D,MINI,MINI FIRST,54_6,0,0,0,0,0,0,12,857,838,1230,2091,1835,0,0,0,0,0,0,0,0
6BCAB352-6578-47D1-99E3-2D42F184054D,MINI,MINI JOHN COOPER WORKS,54_9,3083,2595,2622,2535,2192,2007,844,1430,880,674,574,472,426,33,340,54,0,0,0,0
C91C6939-0788-5AC6-7ADE-6E0D14CC3FE1,MINI,MINI ONE,54_6,1155,1598,1627,5801,9514,11368,8517,12825,14337,14263,10673,7208,8311,7845,8843,11168,8475,6308,5074,1483
8D380F38-9822-44D5-4A0F-28D2099B29AA,MINI,MINI PACEMAN,54_7,0,0,0,118,1279,1981,3663,2608,0,0,0,0,0,0,0,0,0,0,0,0
94DE5552-9274-5F5A-4613-9AE733A648DD,MINI,MINI ROADSTER,54_8,0,0,0,0,1,945,1103,2118,1252,0,0,0,0,0,0,0,0,0,0,0
5DD96A59-4464-9328-96C7-F209BA6E6CA1,MITSUBISHI,MITSUBISHI ASX,62_1,1425,1477,2251,3860,3263,4702,3869,2488,2278,2377,1952,0,0,0,0,0,0,0,0,0
4D90FB9E-8AE9-680A-08BF-F5FFA8C93159,MITSUBISHI,MITSUBISHI CARISMA,62_2,0,0,0,0,0,0,0,0,0,0,0,0,0,0,0,21,526,691,223,109
7E79AD85-1AB5-875C-85E0-3FEF04511BD3,MITSUBISHI,MITSUBISHI COLT,62_3,0,0,0,0,0,0,0,528,1572,1833,2881,4604,5896,5715,4641,3505,794,78,113,91
C40DD414-62EF-295E-4ECB-A03FC15A6151,MITSUBISHI,MITSUBISHI DELICA,62_6,0,0,0,0,0,0,0,0,0,0,0,0,2,0,2,9,5,4,9,0
0D78E961-57ED-0C93-1C8E-60DCC40A40E1,MITSUBISHI,MITSUBISHI ECLIPSE,62_7,1195,3929,5496,101,0,0,0,0,0,0,0,0,1,1,3,1,1,0,1,3
217C1494-44D3-63A1-237A-9FAC3B5A19B0,MITSUBISHI,MITSUBISHI FTO,62_8,0,0,0,0,0,0,0,0,0,0,0,0,0,0,0,0,0,0,1,1
D1DE50F5-066B-2040-92AC-072B0D600583,MITSUBISHI,MITSUBISHI GALANT,62_9,0,0,0,0,0,0,0,0,0,0,0,0,0,0,0,0,0,33,77,78
D522FDDE-3223-85A9-2EF1-500205A314D7,MITSUBISHI,MITSUBISHI GRANDIS,62_10,0,0,0,0,0,0,0,0,0,0,3,264,143,384,554,531,287,5,0,0
2875A3FF-58A4-9688-8BEA-8F4C9DBC1D5D,MITSUBISHI,MITSUBISHI L200,62_13,1,0,0,0,0,0,0,0,0,0,2,0,1,1,4,3,4,7,11,12
48833389-1EC4-465A-15DF-2E88DC6A3CD6,MITSUBISHI,MITSUBISHI LANCER,62_14,0,0,0,0,0,4,15,0,28,1534,2212,1462,1818,1161,1366,1376,277,55,26,91
5CB5B573-7EF0-52F8-9274-A3C81AAC786D,MITSUBISHI,MITSUBISHI MIRAGE,62_15,701,1114,1069,1250,1381,1542,1784,2245,0,0,0,0,0,0,0,0,0,0,0,0
282536DD-A353-17A3-2523-07C44FAF60CB,MITSUBISHI,MITSUBISHI OUTLANDER,62_16,4407,8195,10457,8198,10295,12296,7149,2046,1200,1476,1791,1592,2263,1905,136,272,381,43,0,0
29993F05-1166-0D2F-618D-4D19C15C4D08,MITSUBISHI,MITSUBISHI PAJERO,62_17,0,0,0,0,0,1,2,0,0,0,0,0,0,1,1,2,8,4,8,4
90D167D8-595E-A6AD-6C41-21DCF1D4A6BF,MITSUBISHI,MITSUBISHI SHOGUN,62_18,566,651,969,955,1392,1743,1401,841,619,1025,975,643,1169,2954,4078,5713,5516,2869,1847,1211
D3AD0E25-8468-0832-5348-27FBB3B91D78,MITSUBISHI,MITSUBISHI SPACE STAR,62_21,0,0,0,0,1,1,0,0,0,0,0,0,0,0,5,637,1163,860,547,229
FC134090-4E14-7AB7-5DCA-4B85AAF03267,MITSUBISHI,MITSUBISHI SPACE WAGON,62_22,0,0,0,0,0,0,0,0,0,0,0,0,0,0,0,0,8,99,91,45
483028E5-4583-863A-11FC-A6B08B7282A2,MORGAN,MORGAN AERO,63_2,0,0,0,0,2,12,4,4,5,5,1,7,1,0,0,0,0,0,0,0
3BBFDA92-14D2-03A9-61B3-093B16AC60A0,MORGAN,MORGAN PLUS 4,63_3,101,84,60,54,102,97,62,60,50,86,76,71,40,47,22,29,0,0,0,0
2BE0FD2C-2B3A-5E2F-75B7-3B28EECF8F55,MORGAN,MORGAN PLUS 8,63_4,0,1,9,5,7,6,1,6,3,0,0,0,0,0,0,1,15,11,23,35
F207B992-A2ED-1E51-1909-7EC4863F0BFD,MORGAN,MORGAN ROADSTER,63_5,10,25,28,29,31,28,28,21,19,29,35,34,32,22,14,23,25,0,0,0
8298EA36-1F22-037C-0D51-2FCFEB284A54,NISSAN,NISSAN 350,64_1,0,0,0,0,0,0,0,0,0,0,0,128,347,574,769,1202,1327,449,86,0
617523A4-70D3-442A-5259-29920ADD1DF9,NISSAN,NISSAN 370,64_2,87,104,139,155,185,172,133,132,133,331,612,222,0,0,0,0,0,0,0,0
2BFA202A-8D0C-709E-4BA3-EDE2EB5F143B,NISSAN,NISSAN ALMERA,64_3,0,0,0,0,0,0,0,0,0,0,1,0,0,31,2334,9077,7738,4787,4198,1928
038A7BED-018D-90A3-6E87-8CCDAFCF1091,NISSAN,NISSAN CUBE,64_5,0,0,0,0,1,0,0,0,0,73,854,26,11,11,6,7,35,16,2,1
4D5921F3-3C7F-4694-0EB5-EAB9BD226AA7,NISSAN,NISSAN E-NV200,64_7,265,213,58,111,98,74,19,0,0,0,0,0,0,0,0,0,0,0,0,0
B6A9DE6A-1F2C-074F-44A4-3A93E4BF5901,NISSAN,NISSAN FAIRLADY,64_10,0,0,0,0,0,0,0,0,0,0,0,0,0,0,1,6,9,14,3,0
9BF1D33B-589F-8BF0-5C0D-986A0B6C0ECB,NISSAN,NISSAN GT,64_13,0,0,1,0,0,0,0,0,0,20,253,551,0,0,0,0,0,0,0,0
DF3EE2B1-0BF7-27C7-9962-46E54C5843B5,NISSAN,NISSAN GT-R,64_13,94,130,148,234,145,138,144,125,137,154,0,0,0,0,0,0,0,0,0,0
3BE8B3AD-786A-5084-059D-F5A81A8EA290,NISSAN,NISSAN JUKE,64_14,17697,18506,23275,35455,36790,38016,36929,35049,26803,19905,4898,0,0,0,0,0,0,0,0,0
0F003D18-2668-0AEB-15BF-AC4A4D4E1003,NISSAN,NISSAN LEAF,64_16,8098,5040,4885,4613,3966,4040,3081,1298,479,450,0,0,0,0,0,0,0,0,0,0
3704445A-8D03-69E1-251C-898F9DCD5134,NISSAN,NISSAN MICRA,64_17,6266,8433,9599,12179,10781,13116,14232,11531,11629,12910,16759,17162,15998,15554,22424,22432,17910,17717,12880,8139
1F61422C-4195-3D39-6A79-FE8695B14367,NISSAN,NISSAN MURANO,64_19,0,0,1,0,1,0,1,0,2,14,108,204,184,198,360,380,2,0,0,0
C460C19A-18B9-7F23-8530-57540CF106DC,NISSAN,NISSAN NAVARA,64_20,0,1,0,0,0,0,0,1,0,0,0,0,0,2,0,1,1,1,0,0
DA0BE947-51B7-83C0-0D56-2934E05C920F,NISSAN,NISSAN NOTE,64_21,0,0,0,5109,10861,15077,22024,11838,11810,12564,15125,16285,17709,14887,11636,5,0,0,0,0
D428E7E1-5A1D-A7A7-4AAB-0516013CA644,NISSAN,NISSAN NV200,64_22,0,0,37,100,258,220,225,511,294,308,214,1,0,0,0,0,0,0,0,0
0063BDF9-2BD1-41DA-67F9-E692057A8390,NISSAN,NISSAN NV300,64_23,8,8,7,102,0,0,0,0,0,0,0,0,0,0,0,0,0,0,0,0
B4BCD37B-99F1-22CE-5A2E-55275CED5D89,NISSAN,NISSAN PATHFINDER,64_24,0,0,0,0,0,0,330,396,412,662,507,688,723,1616,1643,956,0,0,0,0
D804988C-9976-4A41-9642-A756861E45B7,NISSAN,NISSAN PATROL,64_25,0,0,0,0,0,0,0,0,0,0,0,11,24,47,62,162,209,90,84,46
11632A3E-7B64-2781-A24C-6C21056D8D3B,NISSAN,NISSAN PIXO,64_28,0,0,0,0,0,0,0,505,1879,2206,4399,3968,0,0,0,0,0,0,0,0
A91DA28B-9BD0-A60B-A73A-BC663ADA9EBF,NISSAN,NISSAN PRIMASTAR,64_30,0,0,0,0,0,0,18,11,12,40,5,11,39,45,21,4,0,1,0,0
4086C808-0819-68DB-1EF5-2E1231A73F63,NISSAN,NISSAN PRIMERA,64_31,0,0,0,0,0,0,0,0,0,0,0,0,1,16,1249,1830,1373,1146,888,421
C4C5B9B9-9EEC-1DFB-7231-7B26C0152643,NISSAN,NISSAN PULSAR,64_32,0,0,1971,4080,6287,7823,1369,0,0,0,0,0,0,0,0,0,0,0,0,0
E8CC3426-593C-73B7-5BBD-D05A3B8E4846,NISSAN,NISSAN QASHQAI,64_33,32264,49307,47376,57548,58132,56147,44914,45787,41187,34500,33155,25705,16116,13323,3,0,0,1,0,3
A3523084-A611-3B48-0116-2644A5017DA2,NISSAN,NISSAN SERENA,64_35,0,1,0,0,0,1,3,4,2,1,2,13,11,12,11,8,7,4,4,16
AA1482B4-995D-0888-5FBD-0315529F120D,NISSAN,NISSAN SKYLINE,64_36,0,0,0,0,0,0,0,0,0,0,0,1,10,3,1,7,11,21,6,21
77A37C21-2515-2066-9713-3D4CEAF5A6D7,NISSAN,NISSAN STAGEA,64_37,0,0,0,0,0,0,0,0,0,0,0,0,0,0,0,0,0,2,1,0
DC4506B1-211B-9A2A-1BDE-D2AC87234DC6,NISSAN,NISSAN TERRANO,64_38,0,0,0,0,0,0,0,0,0,0,0,0,0,5,60,337,677,560,451,310
5D8A6DAA-74B4-01A2-5490-484AF20F4709,NISSAN,NISSAN X-TRAIL,64_41,4508,5587,8884,16721,14851,8218,3851,1595,1696,2131,1468,2151,3763,5430,7122,6932,4958,2919,1000,143
D01C50A5-6979-34DA-1862-37FFBC6053C2,NOBLE,NOBLE M600,65_2,0,0,1,0,1,0,1,0,0,0,0,0,0,0,0,0,0,0,0,0
C463A7EB-138C-8454-12DA-21C81ABB9E66,OPEL,OPEL ASTRA,66_1,0,0,0,1,0,0,0,0,0,2,4,4,16,11,9,18,5,17,30,3
BC035A21-76AE-1389-6252-3769AEB91E96,OPEL,OPEL INSIGNIA,66_2,0,0,0,0,0,0,1,1,1,1,1,105,0,0,0,0,0,0,0,0
84DDB4D9-9F8F-6CDC-060C-FCEDDEA39376,OPEL,OPEL ZAFIRA,66_3,0,0,0,0,0,0,0,0,0,0,1,1,1,2,7,9,18,52,78,17
DC8C86C3-71E5-A7A9-884D-BDC0FF229859,PERODUA,PERODUA KELISA,68_1,0,0,0,0,0,0,0,0,0,1,10,27,75,83,102,99,90,87,70,0
EFBCD947-2167-4005-6C89-C3142F57134C,PERODUA,PERODUA KENARI,68_3,0,0,0,0,0,0,0,0,0,2,30,28,37,39,53,54,54,36,41,43
FFB44E57-2C05-0D70-4DB5-57210C3776DB,PERODUA,PERODUA MYVI,68_2,0,0,0,1,0,0,10,168,335,403,459,383,224,310,101,0,0,0,0,0
A31ECC8B-2F6E-87DE-2A03-18F3D0A50C5C,PEUGEOT,PEUGEOT 1007,69_1,0,0,0,0,0,0,0,0,0,0,0,4,156,883,1607,1081,0,0,0,0
BE89E320-1F3F-8B74-448B-318F26CA6466,PEUGEOT,PEUGEOT 106,69_2,0,0,0,0,0,1,4,1,0,0,0,0,0,0,0,1,0,1176,2120,2028
BBB11AD4-8053-8384-0BF2-116BA6EF8D1E,PEUGEOT,PEUGEOT 107,69_3,0,0,0,0,0,0,8702,16321,16162,14985,15221,14296,14322,12438,10998,2813,0,1,0,0
60746A7D-7B3D-60D2-71D5-395562105A4A,PEUGEOT,PEUGEOT 108,69_4,4663,5106,8072,11504,17127,18261,7108,0,0,0,0,0,0,0,0,0,0,0,0,0
E97E48EB-5FBA-0D28-0981-8FA0D94D9CDA,PEUGEOT,PEUGEOT 2008,69_5,11694,11904,12383,16154,18517,17536,16087,3496,0,0,0,0,0,0,0,0,1,0,0,0
9F1B74B4-4BBB-6189-8F15-328DE5641384,PEUGEOT,PEUGEOT 206,69_6,3,2,0,0,0,0,2,0,0,12,1,916,2103,5170,14419,22062,22662,17178,12835,7603
0431EBC9-28F8-50B4-8E6A-E56848BC414B,PEUGEOT,PEUGEOT 207,69_9,0,0,0,0,0,0,1000,2983,16653,27400,35060,37620,35981,39319,13494,1,0,1,0,0
F1CF53B6-95F5-42B9-15CD-597C8BAE5DC0,PEUGEOT,PEUGEOT 208,69_12,13103,19851,18310,16970,26342,28485,30165,34913,15442,0,0,0,0,0,0,0,0,0,0,0
530EE432-3A71-9B5D-1F80-9EA484EC3EA0,PEUGEOT,PEUGEOT 3008,69_13,11837,19082,18881,15897,6715,8338,8624,11705,11817,12079,10745,997,0,0,0,0,0,0,0,0
DA4FD94D-6B9D-81CF-9EA6-D781FD2BA327,PEUGEOT,PEUGEOT 306,69_14,1,0,0,0,0,1,1,2,1,0,0,0,0,1,2,1,1,1,329,1849
B6A58919-3F2C-A7C1-6B70-6F6E9CE55E7D,PEUGEOT,PEUGEOT 307,69_15,0,0,0,0,0,0,0,0,0,7,0,476,3374,17015,17340,13130,11208,8010,4893,1172
CDB4D3A5-33D7-6302-A1DC-3D3E287E47F2,PEUGEOT,PEUGEOT 308,69_18,4090,6772,8857,9543,15339,14992,13326,12174,12367,12202,17617,19317,17472,2198,1,0,0,0,0,1
54AFFC93-033A-9356-A349-E1FBCC7C8553,PEUGEOT,PEUGEOT 4007,69_21,0,0,0,0,0,0,0,0,31,162,288,671,560,335,0,0,0,0,0,0
94357225-1B29-9339-88C2-605B4D0576F9,PEUGEOT,PEUGEOT 406,69_22,0,2,0,0,0,0,0,0,0,1,8,0,0,0,0,0,431,1627,1616,1490
7839B351-1D1E-803A-8979-AB5CAC3C8C44,PEUGEOT,PEUGEOT 407,69_23,0,0,0,0,0,0,0,1,1,267,1714,2076,2318,4557,5151,3697,1088,1,0,0
49B80875-1060-1A57-7C9F-97F1913FA257,PEUGEOT,PEUGEOT 5008,69_25,4864,5619,5264,734,1729,1813,1841,2611,2393,2374,2835,22,0,0,0,0,0,0,0,0
94602E36-34ED-1BAD-1D88-1E5EE0728B18,PEUGEOT,PEUGEOT 508,69_26,1635,1952,401,487,977,1164,1623,3434,4778,3673,0,0,0,0,0,0,0,0,0,0
76404FE0-5EED-8568-8182-6BAD7D1F2515,PEUGEOT,PEUGEOT 607,69_28,0,0,2,0,0,0,0,0,0,1,0,3,58,55,74,82,99,108,73,35
786295A1-0530-2372-22C0-E00FCCEB1805,PEUGEOT,PEUGEOT 806,69_38,0,0,0,0,0,0,0,0,0,0,0,0,0,0,0,0,0,1,54,82
C139D1E8-02CC-5969-0196-B587FDAA87E5,PEUGEOT,PEUGEOT 807,69_29,0,0,0,0,0,0,0,0,4,2,57,190,276,667,513,272,290,231,3,0
E62E923A-75FB-90A0-6D5C-0F26ED741C89,PEUGEOT,PEUGEOT BIPPER,69_30,0,0,0,0,0,6,188,290,398,571,713,233,0,0,0,0,0,0,0,0
231775F2-3E9B-06B9-3A0B-93BFC5020034,PEUGEOT,PEUGEOT BOXER,69_41,191,220,106,224,197,191,114,114,17,27,4,6,2,0,1,0,1,1,1,2
A91DB775-72A6-3512-8FF2-B6E8BB098203,PEUGEOT,PEUGEOT EXPERT,69_31,8,54,34,49,104,264,267,263,457,612,818,831,766,135,2,6,15,12,2,3
D4CFBCC2-1A91-18C3-426D-812C091A1AD2,PEUGEOT,PEUGEOT HORIZON,69_34,171,450,1420,1347,1305,1088,1140,1012,314,2,0,0,0,0,0,0,0,0,0,0
5EA35EE1-9762-7BDD-5C1B-06EC84FE3BBD,PEUGEOT,PEUGEOT INDEPENDENCE,69_43,0,0,0,9,441,517,401,317,68,0,0,0,0,0,0,0,0,0,0,0
2BFF91D9-73E3-09A5-998C-9FB62CF9861A,PEUGEOT,PEUGEOT ION,69_33,0,0,3,11,35,20,15,21,172,90,0,0,0,0,0,0,0,0,0,0
11969073-2BD5-A33D-610E-04A7ED6F52A4,PEUGEOT,PEUGEOT PARTNER,69_34,0,35,1123,1144,1777,1705,1713,1779,2262,2249,2091,1711,1437,1270,1212,1104,1376,1364,770,77
3B0BF9AD-4D6A-5975-99C7-9805BF15390D,PEUGEOT,PEUGEOT RCZ,69_36,0,0,0,0,258,1127,1627,2197,2136,2674,1689,4,0,0,0,0,0,0,0,1
1C891002-5CB4-75AF-6975-16820D9D2FC7,PEUGEOT,PEUGEOT RIFTER,69_42,2497,3049,469,0,0,1,0,0,0,0,1,0,0,0,0,0,0,0,0,0
B01295BA-03DF-9CAB-9042-E9D0ECC9A02C,PEUGEOT,PEUGEOT TRAVELLER,69_37,387,695,592,497,40,0,0,0,0,0,0,0,0,0,0,0,0,0,0,0
5A4DCF90-9176-1EEB-64A9-96BD71D57F2E,PORSCHE,PORSCHE 718 BOXSTER,71_2,297,696,762,958,722,0,0,0,0,0,0,0,0,0,0,0,1,0,0,0
20C1E51A-A6B0-3D42-9162-F5A49D2E3889,PORSCHE,PORSCHE 718 CAYMAN,71_3,651,910,883,924,262,0,0,0,0,0,0,0,0,0,0,0,0,0,0,0
20D047AB-177F-4562-994B-78D725BB2DC6,PORSCHE,PORSCHE 911,71_4,1915,2459,1982,1775,1587,1628,1454,1206,1444,1143,1534,1304,1591,1963,2418,2464,2047,2087,1939,1218
A967748A-6BA6-A20E-7FDB-C9EFC7219944,PORSCHE,PORSCHE 918,71_5,0,0,0,0,0,28,7,0,0,0,0,0,0,0,0,0,0,0,0,0
E0876064-07B9-342A-048B-493AD1DA05AF,PORSCHE,PORSCHE BOXSTER,71_6,157,189,229,0,445,980,1129,1210,1038,678,737,766,965,1447,1625,2987,1837,2241,1979,1852
6D9229A7-1009-4175-4218-BC74EFD38D88,PORSCHE,PORSCHE CAYENNE,71_8,2868,3409,1869,1782,2843,2407,1922,2193,2003,1282,936,881,594,771,988,1530,1377,708,0,0
8D2811AE-6E75-984D-43A2-B1587C619F92,PORSCHE,PORSCHE CAYMAN,71_9,201,257,405,0,641,997,1156,1012,306,520,518,627,849,1361,1364,150,1,0,0,0
A8350B01-0ECE-89AB-A414-D274CB4F3072,PORSCHE,PORSCHE MACAN,71_10,3780,4764,3880,5341,4143,3508,1153,0,0,0,0,0,0,0,0,0,0,0,0,0
D2E5B952-2FB8-2540-9D0C-10C1C3A17D90,PORSCHE,PORSCHE PANAMERA,71_11,495,822,779,953,339,659,744,723,641,355,311,99,0,0,0,0,0,0,0,0
B46EF04F-1656-9408-3E8E-D2D59EC908DB,PROTON,PROTON GEN 2,72_1,0,0,0,0,0,0,0,6,49,103,139,135,204,260,201,144,29,0,0,0
C00312E4-7295-9697-66BC-50EB628A3663,PROTON,PROTON IMPIAN,72_2,0,0,0,0,0,0,0,0,0,0,4,7,14,30,51,63,40,23,14,9
78481954-3846-155A-9602-452A165D8724,PROTON,PROTON PERSONA,72_4,0,0,0,0,0,0,0,0,12,39,48,67,60,0,0,0,0,0,0,8
270AF03D-7DD8-1841-3D60-3B60ADCA4D3F,PROTON,PROTON SATRIA,72_5,0,0,0,0,0,0,0,4,23,27,19,35,50,65,0,0,33,35,23,27
45124733-7774-4BB1-6DD2-860C9D585FD5,PROTON,PROTON SAVVY,72_6,0,0,0,0,0,0,0,4,49,119,208,186,176,310,330,0,0,0,0,0
A8DA95CF-6188-0C36-9061-0DE24DE078B0,PROTON,PROTON WIRA,72_7,0,0,0,0,0,0,0,0,0,0,0,0,0,0,0,0,34,33,27,24
7E7E9068-8CB6-3076-A453-466E97B57596,RENAULT,RENAULT CAPTUR,75_1,12853,19247,20864,18742,24286,23047,18625,5989,0,0,0,0,0,0,0,0,0,0,0,0
018022F2-3884-38F7-464F-587001733506,RENAULT,RENAULT CLIO,75_2,10568,16083,19682,18500,22571,25051,27004,21319,16399,20268,28942,21758,24519,34267,29989,19828,17566,13120,8775,5263
C1CA0566-84A3-43C0-45DE-13338AA20D66,RENAULT,RENAULT ESPACE,75_3,0,0,0,0,1,0,0,0,104,356,408,413,766,1230,649,584,421,199,220,109
CD7845A8-1CBD-84C1-05D4-AA88DE703C5B,RENAULT,RENAULT FLUENCE,75_4,0,0,0,0,0,0,3,8,40,0,0,0,0,0,0,0,0,0,0,0
5E1C7FE7-0EEF-5308-1A4E-D6861EA18F09,RENAULT,RENAULT GRAND SCENIC,75_7,262,851,657,1072,1262,1014,95,0,0,0,1,0,0,0,0,0,0,0,0,0
1E0EF3C4-3942-3F85-0D9B-CDCE729EA3BF,RENAULT,RENAULT KADJAR,75_8,8029,10811,10995,13903,19252,3033,0,0,0,0,0,0,0,0,0,0,0,0,0,0
43C89BA6-2D72-3381-8A01-F36DA47F933F,RENAULT,RENAULT KANGOO,75_9,1,0,0,0,0,0,0,0,632,1380,1470,1207,2047,2150,1612,1706,1568,1083,796,534
DCA54316-980D-2EFD-3C5C-70061E7A2BFD,RENAULT,RENAULT KOLEOS,75_10,488,946,928,672,0,0,0,0,0,1,98,1419,428,0,0,0,0,0,0,0
C8B9CE80-45B3-96B6-9C59-0F1543252D5D,RENAULT,RENAULT LAGUNA,75_11,0,0,0,0,0,0,0,0,335,1940,2377,1835,3568,2359,1381,1341,1231,883,510,184
14BF42E2-4629-4368-9512-EAD4F7991D60,RENAULT,RENAULT MASTER,75_23,208,218,258,304,282,309,170,177,133,40,16,16,43,28,20,8,1,5,3,1
1BAC2992-1CC7-043D-5E3C-ECB22A058321,RENAULT,RENAULT MEGANE,75_12,1100,2525,2111,5225,5287,6821,7605,8081,10518,16435,21008,13051,11245,14360,10780,7722,4327,5699,6780,4806
DD6250F4-979D-8CBA-9DBB-5AF0B7EA01AF,RENAULT,RENAULT MODUS,75_13,0,0,0,0,0,0,0,1,252,2377,3008,1794,3753,2732,3613,4938,1399,0,0,0
2141B8CE-2264-7038-34D6-0C6CA5123DD2,RENAULT,RENAULT SCENIC,75_14,8,287,569,1061,1105,3745,5055,4585,5277,10469,14864,4985,8325,11015,8687,5726,3042,317,2,0
6F6CF743-3833-3B18-769B-34EFE7EE4835,RENAULT,RENAULT TRAFIC,75_17,794,626,708,975,1034,495,413,436,484,550,476,390,410,328,149,26,2,4,3,0
03C460B7-A14E-251F-1F49-A76C1D9B3EF9,RENAULT,RENAULT TWINGO,75_18,0,226,807,1413,3005,5165,937,1003,1364,2716,4607,1859,3595,612,0,0,1,0,0,0
44770364-71B5-517A-682A-25A329595716,RENAULT,RENAULT TWIZY,75_19,1,0,20,13,38,75,33,70,167,0,0,0,0,0,0,0,0,0,0,0
0817758A-281E-3A7A-5806-44D8E1A25E6D,RENAULT,RENAULT VEL SATIS,75_20,0,0,0,0,0,0,0,0,0,0,0,0,0,0,2,12,31,44,54,0
3127E4FB-0DA5-5C99-2A3D-B1ECCF6058A0,RENAULT,RENAULT WIND ROADSTER,75_21,0,0,0,0,0,0,0,0,37,1356,708,0,0,0,0,0,0,0,0,0
77A5D7F0-5972-25D1-A57F-0E3242151FD6,RENAULT,RENAULT ZOE,75_22,6279,2231,1737,963,1527,1723,845,321,1,0,0,0,0,0,0,0,0,0,0,0
81377795-84A5-7770-4959-C02EF2DB1195,Reva,Reva G-WIZ,76_1,0,0,0,0,0,0,0,0,0,5,19,18,22,106,53,0,0,0,0,0
03931CF0-3728-A104-026E-EEDFE0AE837F,ROLLS ROYCE,ROLLS ROYCE CORNICHE,77_1,0,0,0,0,0,0,0,0,0,0,0,0,0,0,0,0,0,1,4,7
81CA5A6C-97EA-95A1-904C-D0ADDB0F1E58,ROLLS ROYCE,ROLLS ROYCE DAWN,77_2,50,63,98,109,108,1,0,0,0,0,0,0,0,0,0,0,0,0,0,0
E7E2FEA2-A439-8F2F-41EF-82DAF73F0965,ROLLS ROYCE,ROLLS ROYCE GHOST,77_3,64,39,51,64,60,90,66,71,92,98,113,4,0,0,0,0,0,0,0,0
61655F5C-4508-7A3F-8933-E980ED674AD2,ROLLS ROYCE,ROLLS ROYCE PHANTOM,77_4,29,45,62,7,37,30,41,33,28,37,33,27,70,60,55,49,31,12,1,0
6DD43B30-9F9A-87D7-9A8C-29313A225F75,ROLLS ROYCE,ROLLS ROYCE SILVER SERAPH,77_5,0,0,0,0,0,0,0,0,0,0,0,0,0,0,0,0,0,0,9,23
52416440-39D1-A406-10CD-FFFB14EEA15C,ROLLS ROYCE,ROLLS ROYCE WRAITH,77_6,31,50,74,78,87,101,97,20,0,0,0,0,0,0,0,0,0,0,0,0
53BB3AE0-9FC4-15BD-6EE4-AED0C28508A2,ROVER,ROVER 25,78_1,0,0,0,0,0,0,0,0,0,0,0,0,0,11,135,927,1401,1725,1588,1581
47457899-1F40-7892-20F9-1B7B35EA8AB4,ROVER,ROVER 45,78_2,0,0,0,0,0,0,0,0,0,0,0,0,3,3,37,499,1104,1086,936,828
DE31A793-736F-772E-9A63-6C41EB9486A2,ROVER,ROVER 75,78_3,0,0,0,0,0,0,0,0,0,0,0,0,9,23,295,1756,4008,3388,2732,1383
804AA62F-3D19-6157-14A6-C8407C2CA3D8,ROVER,ROVER CITYROVER,78_5,0,0,0,0,0,0,0,0,0,0,0,0,0,1,61,56,213,16,0,0
FEF4A919-5D9A-82D4-7844-9FA0AEB193CF,ROVER,ROVER MINI,78_6,0,0,0,0,0,0,0,0,0,0,0,0,0,0,0,0,0,2,5,314
DB402EB1-0B80-603D-86E2-B92976B65B2F,ROVER,ROVER STREETWISE,78_7,0,0,0,0,0,0,0,0,0,0,0,0,0,2,38,164,586,170,0,0
E0F11FE6-55BC-2DC8-5B8A-C0C712707349,SAAB,SAAB 9-3,81_1,0,0,0,0,0,0,2,8,200,2798,4174,4890,9081,11704,10250,6882,4317,1865,1370,1186
BA1E28C7-8E0A-4A3C-43A4-3CEBA2E390A3,SAAB,SAAB 9-5,81_3,0,0,0,0,1,0,0,1,21,414,748,814,1375,1706,1896,1755,1493,921,838,575
53EEA092-2324-A54D-6CAB-09CE8A943A10,SANTANA,SANTANA PS10,82_1,0,0,0,0,0,0,0,0,0,0,0,0,0,1,1,0,0,0,0,0
6A702B16-9973-6A11-62A9-1DD7885C84E4,SEAT,SEAT ALHAMBRA,79_1,768,2475,2294,5121,3795,2272,1994,1673,1562,1400,491,557,833,929,891,892,1193,779,401,170
A0E67FB5-7279-1D4C-0853-1BF8F5DE14CA,SEAT,SEAT ALTEA,79_2,0,0,0,0,0,520,848,1691,2030,1701,1899,2419,3204,4206,2830,1691,754,0,0,0
47103ECE-A213-A097-0C52-8784FF4D8732,SEAT,SEAT ARONA,79_4,10508,14841,11686,575,0,0,0,0,0,0,0,0,0,0,0,0,0,0,0,0
94D5D499-0091-06DD-2457-6FAFEB769AFB,SEAT,SEAT AROSA,79_5,0,0,0,0,0,0,0,0,0,0,0,0,0,0,0,72,1028,872,738,446
2F950419-72F4-6393-4EF6-841C3AA304AF,SEAT,SEAT ATECA,79_6,7565,11040,8983,9446,1904,0,0,0,0,0,0,0,0,0,0,0,0,0,0,0
8308D90B-5613-63BB-9ED7-891FD20354C5,SEAT,SEAT CORDOBA,79_7,0,0,0,0,0,0,0,0,0,0,0,0,0,0,17,81,108,112,5,7
95B2ABAB-247E-81A9-1993-D3C721069B24,SEAT,SEAT EXEO,79_8,0,0,0,0,0,0,1,664,1407,2256,1941,1045,0,0,0,1,0,0,0,1
88381354-5E93-8BBC-1C24-A55C45888FFD,SEAT,SEAT IBIZA,79_9,8253,13255,12520,15531,18864,18993,20830,17881,15656,16353,13639,11705,8744,7593,6003,3859,3043,2627,986,444
7330A579-7E9A-3F58-3E6B-09658A986C1B,SEAT,SEAT LEON,79_10,13516,18968,20765,18362,17031,19085,21450,14062,11756,9149,8516,7478,7724,8615,6399,3546,2891,2346,1286,682
E02C5CB9-9C79-510D-686B-53CC120852DB,SEAT,SEAT MII,79_11,297,1287,1244,1446,2193,2697,3153,3538,1787,0,0,0,0,0,0,0,0,0,0,0
E2895299-8680-6A84-77EA-73E5F1CD9423,SEAT,SEAT TARRACO,79_13,2777,4268,0,0,0,0,0,0,0,0,0,0,0,0,0,0,0,0,0,0
7E5B0E9C-22F4-9DBE-328B-D63837599986,SEAT,SEAT TOLEDO,79_12,0,87,1212,793,740,1019,1295,1538,134,0,0,3,39,238,451,688,342,316,183,136
3C951714-93F0-396B-1437-2C16A2E27A46,SKODA,SKODA CITIGO,80_1,278,4546,5125,6091,7762,8116,9264,7125,3808,1,0,0,0,0,0,0,0,0,0,0
3658222E-8AC7-930D-6AC9-C9F9556D4482,SKODA,SKODA FABIA,80_2,9326,14679,16476,17421,19681,18075,15232,19590,15134,13427,12811,15979,13647,12192,11698,10249,8191,6185,4664,3362
3FFDF29D-5907-4A75-413E-B882F8097550,SKODA,SKODA FELICIA,80_11,0,0,0,0,0,0,0,0,0,0,0,0,0,0,0,0,0,0,2,4
5A505B6B-14D0-8F91-78D6-5CECB0003A56,SKODA,SKODA KAROQ,80_3,12213,14566,13625,83,0,0,0,0,0,0,0,0,0,0,0,0,0,0,0,0
2B4C7D8A-225F-982F-A0E1-6C94AD035A3D,SKODA,SKODA KODIAQ,80_4,7310,8778,7547,6052,0,0,0,0,0,0,0,0,0,0,0,0,0,0,0,0
A1307C98-9F4B-14A8-4285-708E4D7493FF,SKODA,SKODA OCTAVIA,80_5,11363,19631,16501,18337,21156,20500,18624,12554,13744,13854,11950,8874,8097,9246,8272,5643,4032,3209,2240,1392
CE21494A-5EF1-6BCF-8E12-E5B7D0585BD0,SKODA,SKODA RAPID,80_6,0,501,2154,4010,4422,3458,6004,3611,190,0,0,0,0,0,0,0,0,0,0,0
ADD2DDE4-5F0F-0E62-658A-F3FD1DB39E9D,SKODA,SKODA ROOMSTER,80_8,0,0,0,0,3,1727,2781,2729,2518,1712,1451,1273,2517,3113,583,0,0,0,0,0
C2FC7416-42E6-688B-31E8-24C18A2C4E8F,SKODA,SKODA SCALA,80_12,3050,1420,0,0,0,0,0,0,0,0,0,0,0,0,0,0,0,0,0,0
7EF32A15-5658-9ABC-A6E0-037CFB241E8B,SKODA,SKODA SUPERB,80_9,4779,6775,7577,9087,8818,5125,5149,4158,4559,3353,2278,1334,567,416,433,529,403,272,112,0
A6A5B2CC-859E-3EF7-5B84-A7ACC9F77701,SKODA,SKODA YETI,80_10,0,0,49,10875,13146,12673,12401,10478,6920,5398,3940,587,0,0,0,0,0,0,0,0
82E27DFB-761B-4D2B-247E-D460DFF11390,SMART,SMART CITY,84_2,0,0,0,0,0,0,0,0,0,0,0,0,1,894,1307,1275,2136,1484,0,0
E7A44574-1AB3-5E01-211D-F82A43AC0C9E,SMART,SMART FORFOUR,84_1,703,1926,3825,4613,5060,5412,0,0,0,0,0,0,7,164,1658,2015,785,0,0,0
2D66FBFD-576E-0A56-70DA-37804A0262D7,SMART,SMART FORTWO,84_2,598,1878,3339,4574,5499,2138,3767,4540,4804,4085,5920,6391,5287,2381,1079,898,731,2,2,0
D2B4B43D-3F67-4117-8C1F-675731971083,SMART,SMART ROADSTER,84_3,0,0,0,0,0,0,0,0,0,0,0,0,0,83,297,811,1305,408,0,0
6F749998-1CE3-3E21-109F-391B20895648,SSANGYONG,SSANGYONG KORANDO,85_1,724,697,733,886,1048,1227,816,418,513,89,0,0,0,0,0,0,0,0,0,0
B2865F49-0638-A4E5-72FC-AA6B2BB6653B,SSANGYONG,SSANGYONG KYRON,85_3,0,0,0,0,0,0,0,0,0,11,54,106,58,75,124,0,0,0,0,0
69B17883-7343-4EA2-306E-2E2BA85E1402,SSANGYONG,SSANGYONG MUSSO,85_4,0,0,0,0,0,0,0,0,0,0,0,0,0,0,0,1,1,1,1,0
650768C6-68EF-7AB9-5DA8-E2ECF4400C94,SSANGYONG,SSANGYONG REXTON,85_5,202,310,326,412,350,362,334,11,119,46,53,215,106,171,208,375,221,27,1,0
9C7FE237-8FAA-48DE-5332-CAF245707F6D,SSANGYONG,SSANGYONG RODIUS,85_6,4,57,493,597,625,431,253,145,103,25,51,142,81,110,66,31,0,0,0,0
A750703A-0FEB-9B91-0A5E-45BB35C46EE1,SSANGYONG,SSANGYONG TIVOLI,85_7,496,725,1064,1360,2108,1021,0,0,0,0,0,0,0,0,0,0,0,0,0,0
581A4B04-014D-7DF0-149D-410340945DAB,SUBARU,SUBARU BRZ,86_1,24,76,84,144,123,116,121,122,69,0,0,0,0,0,0,0,0,0,0,0
60AB4339-78FE-110B-6065-A47EE81B2964,SUBARU,SUBARU FORESTER,86_2,206,1008,884,842,1192,1111,1142,846,468,933,969,642,691,1053,1234,1498,1336,1114,546,391
42428CFE-6307-2642-9522-B87D6D7B116D,SUBARU,SUBARU IMPREZA,86_3,11,108,159,78,149,170,115,10,20,126,819,785,1092,1942,1852,2278,1852,1922,1253,1092
488AB8E8-3833-53A3-1C50-DACB1C3A86F6,SUBARU,SUBARU JUSTY,86_4,0,0,0,0,0,0,0,0,0,1,55,280,309,59,0,0,0,0,0,9
CCC51ECA-A6D9-25C6-33C1-7072FCB52399,SUBARU,SUBARU LEGACY,86_5,1,0,0,1,0,3,4,178,249,483,509,524,501,548,878,941,747,424,255,275
7C1516BA-A30C-42E1-2255-1E3D870C478F,SUBARU,SUBARU LEVORG,86_6,64,74,14,106,187,163,0,0,0,0,0,0,0,0,0,0,0,0,0,0
117319AB-14ED-0708-9FC6-BF772B602FFC,SUBARU,SUBARU OUTBACK,86_7,240,571,645,458,757,783,248,289,314,594,591,435,359,506,606,485,341,45,0,0
9CC65B1F-8D48-8AC9-0252-51E50D311C0E,SUBARU,SUBARU WRX,86_10,0,5,105,304,335,282,341,73,136,141,81,0,0,0,0,0,0,0,0,0
49862BEE-07AA-54F4-9107-D95BF6FE34BB,SUBARU,SUBARU XV,86_11,318,918,1093,597,739,633,625,586,555,2,0,0,0,0,0,0,0,0,0,0
386E83BB-1AC6-61E1-9EB6-E39C866C4077,SUZUKI,SUZUKI ALTO,87_1,0,0,0,0,0,1848,13273,12326,4915,4742,4770,6177,0,0,1323,2414,2135,1026,58,71
BD1FBBE5-64C9-85E9-478F-D1938AF4A3D5,SUZUKI,SUZUKI BALENO,87_2,0,1046,1417,2180,1929,0,0,0,0,0,0,0,0,0,0,0,0,0,7,44
643AAE74-A6B4-9FAB-7A40-2B2371F3922B,SUZUKI,SUZUKI CELERIO,87_3,0,2129,4069,6345,7963,7356,34,0,0,0,0,0,0,0,0,0,0,0,0,0
5997C23D-157A-1288-61B5-A292CADE8848,SUZUKI,SUZUKI GRAND VITARA,87_4,0,0,0,0,0,0,0,23,255,5,0,0,0,0,0,0,0,0,0,0
08EB88A8-4E6B-40C5-46F8-D70AC76D6135,SUZUKI,SUZUKI IGNIS,87_5,3924,3579,5654,5765,253,0,0,0,0,0,0,0,23,1583,1442,1983,2093,1609,1117,798
1F4585D8-5E81-41F1-2D89-26BD5B2A1593,SUZUKI,SUZUKI JIMNY,87_6,862,1169,477,934,1036,968,863,871,904,744,663,845,1248,1804,1832,2008,2485,2178,1732,1208
3D000AE8-6A31-9CDB-05EC-AA110A6B5979,SUZUKI,SUZUKI KIZASHI,87_7,0,0,0,0,0,0,30,88,184,11,0,0,0,0,0,0,0,0,0,0
1FA1FC52-30BE-4056-984A-A0E5B52D7433,SUZUKI,SUZUKI LIANA,87_8,0,0,0,0,0,0,0,0,0,0,0,0,26,433,405,668,658,363,283,58
9A41BD9E-62F4-53BB-855E-E76CCADC43A8,SUZUKI,SUZUKI SPLASH,87_9,0,0,0,0,0,61,3208,3589,3913,1607,1563,2835,2114,0,0,0,0,0,0,0
7A0EB738-43DD-978F-0CC7-1FC6F1F1A3B0,SUZUKI,SUZUKI SWIFT,87_10,7975,10931,10021,7932,10623,12592,10318,9017,9491,6732,6900,8586,9898,10442,6455,2369,1,176,498,222
9116881E-51BF-9A51-1763-BD4BB13D53F0,SUZUKI,SUZUKI SX4,87_11,877,2027,2740,3045,3487,3935,6699,3492,2134,2455,2313,2569,3210,3398,1554,0,0,0,0,0
6DE30653-39A4-16B5-99C2-2FAB914255F4,SUZUKI,SUZUKI VITARA,87_13,5141,12497,11938,10936,11040,5699,525,1174,939,1604,2064,2463,3013,3774,3327,3816,3725,2719,1982,1141
4648C235-7DBB-5D10-802C-FAC85C388642,SUZUKI,SUZUKI WAGON R+,87_14,0,0,0,0,0,0,0,0,0,0,0,0,7,721,873,1914,2395,2537,2090,1435
D508DF1D-1256-3D5E-482E-405C67EF3028,TATA,TATA SAFARI,89_1,0,0,0,0,0,0,0,0,0,0,0,0,0,1,0,5,2,2,0,4
215A889E-1E6D-6F0D-1C95-B0F994517FAB,TESLA,TESLA MODEL 3,90_3,22120,10317,1,0,0,0,0,0,0,0,0,0,0,0,0,0,0,0,0,0
61DCCF59-213C-1168-4B93-B08098A49091,TESLA,TESLA MODEL S,90_1,889,1186,1762,2362,2195,1266,606,0,0,0,0,0,0,0,0,0,0,0,0,0
FF1E890B-8215-9773-3821-2A6562F31B07,TESLA,TESLA MODEL X,90_2,1502,1209,1375,1939,40,0,0,0,0,0,0,0,0,0,0,0,0,0,0,0
6CE1BECB-72C0-0E01-2F9C-F957E1841767,TOYOTA,TOYOTA 4-RUNNER,92_1,0,2,2,59,7,3,2,0,0,3,0,0,1,1,0,2,1,2,1,0
8CEAB6F8-0602-0093-0AD3-C367E5712392,TOYOTA,TOYOTA AURIS,92_3,0,1121,12484,12936,14999,16921,16941,14231,8704,9808,10307,12871,14782,14886,74,0,0,0,0,0
723D8562-7E26-A785-0A9C-933358F22534,TOYOTA,TOYOTA AVENSIS,92_4,0,1,1378,2795,4088,3999,3802,4000,6335,6077,10296,9827,8464,9765,9394,7921,6522,4600,2253,1733
7EE04544-61A7-493E-25FE-499D0CE1A302,TOYOTA,TOYOTA AYGO,92_6,16537,21768,21371,20584,22027,23005,19227,15142,14868,13026,12325,13448,12731,11327,10500,2004,0,0,0,0
48E16731-1047-8C02-98A4-D09A6377A2A4,TOYOTA,TOYOTA CAMRY,92_9,398,385,0,0,1,1,1,2,0,2,1,3,0,1,0,0,36,50,139,36
145341F4-43DE-86FA-2057-4B7CC8C24A82,TOYOTA,TOYOTA CELICA,92_10,0,0,0,0,0,0,0,0,0,0,0,1,0,0,1066,1741,2163,2013,1645,1428
17308F11-0753-0F0F-A344-B2B446CF19EF,TOYOTA,TOYOTA C-HR,92_8,16351,17346,18052,13014,482,0,0,0,0,0,0,0,0,0,0,0,0,0,0,0
63678892-64F2-3C4C-799F-F5C539986736,TOYOTA,TOYOTA COROLLA,92_11,17817,14079,4,56,9,10,22,6,7,7,20,1684,4988,7416,19400,18980,13335,10325,7375,3885
5620FCA3-870A-2D91-1CE8-E03CF00C7F2B,TOYOTA,TOYOTA ESTIMA,92_14,0,0,0,1,1,13,34,53,59,48,48,76,91,80,111,43,57,51,57,21
9BA37F18-185F-3EDC-A117-1F21D5975365,TOYOTA,TOYOTA GRANVIA,92_16,0,0,0,0,0,0,0,0,0,0,0,0,0,0,0,1,0,0,0,4
DDD707FC-66E8-7333-38F5-2D9D63E74985,TOYOTA,TOYOTA GT86,92_17,250,316,449,615,644,717,946,1578,1217,0,0,0,0,0,0,0,0,0,0,0
027DD0C9-82B9-3EE3-A294-F1D0404486E7,TOYOTA,TOYOTA HIACE,92_18,0,0,0,1,0,0,0,1,2,14,5,16,72,20,8,6,11,6,22,68
B333D7BF-4B22-591B-3E11-512A9B5D793E,TOYOTA,TOYOTA HILUX,92_19,0,1,0,0,0,0,0,0,1,0,1,4,2,1,1,6,2,1,3,3
1774292F-0674-0A13-2388-38A96CBB47B5,TOYOTA,TOYOTA IQ,92_20,0,0,0,0,0,10,837,1326,2367,2546,3835,6466,12,0,0,0,0,0,0,0
29F41CD7-4D16-8FA8-1394-1623BBF321BC,TOYOTA,TOYOTA LANDCRUISER,92_21,341,620,648,504,665,815,775,440,454,550,714,468,744,1354,1668,2240,2152,1592,1245,1247
C9EBFC18-931C-7072-1CB1-02A6B8D1A67F,TOYOTA,TOYOTA MR2,92_25,0,0,0,0,0,1,0,0,0,0,0,0,0,0,654,743,1061,1165,1015,842
3845298B-7CA6-1DD1-4525-57632D1C38FE,TOYOTA,TOYOTA PICNIC,92_27,0,0,0,0,0,0,0,0,0,0,0,0,0,0,0,1,1,0,1,40
0FAEC575-14F6-80E4-A209-86F26DC87D34,TOYOTA,TOYOTA PREVIA,92_29,0,0,0,27,0,0,1,0,0,0,0,1,1,3,698,946,1033,1013,696,738
5B504693-6A85-319D-7874-9F16D999471C,TOYOTA,TOYOTA PRIUS,92_30,1650,3059,4648,4949,5731,5088,6924,5829,6138,6383,9281,6805,7181,7162,3994,2861,1112,196,92,164
2DE2CF52-4820-22D3-05C9-B3A679434023,TOYOTA,TOYOTA PRIUS+,92_31,2723,3573,937,867,1135,1115,840,1113,839,22,0,1,0,0,1,0,1,0,0,0
DA205E9A-686A-0234-9999-2221C5067FC1,TOYOTA,TOYOTA PROACE,92_32,431,516,1,0,0,0,0,0,0,0,0,0,0,0,0,0,0,0,0,0
1BA9B50B-6D8A-4B87-46DD-914E6D314844,TOYOTA,TOYOTA RAV4,92_34,12450,9458,7278,7696,7930,6200,6756,6522,3712,4230,4541,3949,6438,8206,8079,9289,8709,7229,5353,3095
C48DBF88-7CEA-8EB8-84FF-567A52BF2031,TOYOTA,TOYOTA SOARER,92_35,0,0,0,0,0,0,0,0,0,0,0,0,0,0,0,0,0,1,0,1
4F009B3D-1C0A-6636-947C-63EC3ED48DEE,TOYOTA,TOYOTA STARLET,92_36,0,0,0,38,1,0,0,0,0,0,0,0,0,0,0,0,0,0,0,0
F72819E8-23E7-8D6A-6E4A-791B3F629A24,TOYOTA,TOYOTA SUPRA,92_37,259,102,0,5,0,0,0,0,0,0,0,0,0,0,0,0,1,0,7,7
D5E313FD-5DD4-986D-6963-D448657F3E50,TOYOTA,TOYOTA URBAN CRUISER,92_39,0,0,0,0,0,0,0,2,618,1078,1275,1310,0,0,0,0,0,0,0,0
4B3B04F6-47C3-4F60-292D-F3168AB48E8D,TOYOTA,TOYOTA VERSO,92_40,0,0,827,2141,3512,3280,3153,3373,3131,4063,730,0,0,0,1,0,0,0,0,0
F175A585-38F8-68C9-03E3-A913225295EB,TOYOTA,TOYOTA YARIS,92_44,20813,27557,27188,25666,28590,31025,29225,29127,27768,16479,19710,26669,25444,24872,22153,24004,21479,19227,15589,12369
D54062A2-2EA5-58CA-354F-2110832482BB,TVR,TVR CERBERA,88_1,0,0,0,0,0,0,0,0,0,0,0,0,0,0,0,0,1,3,12,34
08405B47-A770-4F60-8C6B-0E3113593BB3,TVR,TVR SAGARIS,88_2,0,0,0,0,0,0,0,0,0,0,0,0,0,1,19,60,0,0,0,0
B3C17B6C-36DB-35EF-5E1C-9F312AF803F1,TVR,TVR T350,88_3,0,0,0,0,0,0,0,0,0,0,0,0,2,1,8,35,57,70,1,0
3F8C760C-7340-084F-65D4-8F0008333B19,TVR,TVR TUSCAN,88_4,0,0,0,0,0,0,0,0,1,1,1,2,6,8,43,72,40,93,99,156
5B13C449-9E6B-843D-0946-C19344541062,VAUXHALL,VAUXHALL ADAM,94_1,0,4716,5240,7160,9170,10590,13213,7623,47,0,0,0,0,0,0,0,0,0,0,0
EE877E69-A3BD-10F1-78EE-65F73FE185FF,VAUXHALL,VAUXHALL AGILA,94_2,0,0,0,0,3,225,3703,3761,4341,4674,4317,6450,3669,1514,1880,2004,2123,2336,1373,1347
4F9BC54F-4975-4450-1A6D-4545D89906C1,VAUXHALL,VAUXHALL AMPERA,94_3,0,0,0,0,2,91,483,223,412,0,0,0,0,0,0,0,0,0,0,0
D1264A1B-9951-A652-284E-2C2E08F2A73B,VAUXHALL,VAUXHALL ANTARA,94_4,0,0,0,11,842,2139,2776,7377,6671,1056,340,1102,1067,732,1,0,0,0,0,0
ACF48AE4-79AE-7F77-A0B4-05EFC7F37FF1,VAUXHALL,VAUXHALL ASTRA,94_5,6020,20595,28741,45275,57009,49244,55257,61849,55697,53252,64991,51501,59771,65907,47892,36609,20319,15954,12820,7679
3B010E0E-0D4E-147D-998E-FCD9EBF228ED,VAUXHALL,VAUXHALL CASCADA,94_7,0,0,49,208,499,561,708,780,0,0,0,0,0,0,0,0,0,0,0,0
812B3FE4-8D4C-642F-2A00-B466D0080760,VAUXHALL,VAUXHALL COMBO,94_8,3196,3412,359,17,0,0,0,0,116,175,240,120,121,422,154,100,3,0,0,0
859A2ADA-580E-813A-1FC6-B6197BB6A033,VAUXHALL,VAUXHALL CORSA,94_9,45080,50763,50042,50049,73362,86840,75586,76413,79535,67713,65057,66071,69691,57993,34960,28477,23338,19848,13771,9124
F7492E7E-40CC-8F33-0B71-3200549098CC,VAUXHALL,VAUXHALL CROSSLAND,94_10,18139,15112,12519,2425,0,0,0,0,0,0,0,0,0,0,0,0,0,0,0,0
6740CE4C-892E-778C-97DD-9469860D3AA9,VAUXHALL,VAUXHALL FRONTERA,94_11,0,0,0,0,0,0,0,0,0,0,0,0,0,0,0,11,171,425,232,136
0C91AECE-93A4-886C-548C-0D345741A78D,VAUXHALL,VAUXHALL GRANDLAND,94_12,18195,21625,15903,49,0,0,0,0,0,0,0,0,0,0,0,0,0,0,0,0
9BA77F86-70C3-5D12-94DE-1CAE251572CE,VAUXHALL,VAUXHALL INSIGNIA,94_13,1325,7408,12737,15459,23111,30531,27838,24382,26411,34315,24496,19901,242,0,0,0,0,0,0,1
D4280E64-15F0-51A2-2565-8EA9AB835DEB,VAUXHALL,VAUXHALL MERIVA,94_14,0,0,26,4340,6500,8328,7861,8296,9952,17771,13227,8046,9161,9068,8718,6631,5564,1311,0,0
157D8A22-1694-9481-0388-45A0ABD68F77,VAUXHALL,VAUXHALL MOKKA,94_15,0,21463,30468,34620,40031,43356,32204,13084,838,0,0,0,0,0,0,0,0,0,0,0
93C47ACC-6E80-910A-289F-875246F92044,VAUXHALL,VAUXHALL MONARO,94_17,0,0,0,0,0,0,0,0,0,0,0,0,0,45,126,133,90,0,0,0
BB0D7458-09B3-9B3A-8941-3E65ABAC3F2D,VAUXHALL,VAUXHALL MOVANO,94_18,58,48,68,66,47,54,57,29,22,1,0,0,4,14,0,2,3,1,1,0
4FCFE6FB-3B97-A36A-6060-8FCED5554218,VAUXHALL,VAUXHALL OMEGA,94_19,0,0,0,0,0,0,0,0,0,0,0,0,1,0,1,0,35,667,632,476
E94EE1A7-024E-3189-3D4E-497663BC1EFC,VAUXHALL,VAUXHALL SIGNUM,94_20,0,0,0,0,0,0,0,0,3,1,0,0,51,689,1177,700,572,202,0,0
A7D3212A-0A67-1E58-0794-4FE6BA75449D,VAUXHALL,VAUXHALL TIGRA,94_21,0,0,0,0,0,0,0,0,0,5,12,2178,1818,2395,2737,2012,513,0,1,3
73E69F9F-766D-639B-8041-E4E10F989898,VAUXHALL,VAUXHALL VECTRA,94_22,0,0,0,0,1,0,0,0,0,0,1,3255,20567,19777,12589,6928,4417,2504,1653,1445
9B559794-6342-0B15-4F2A-3FDE0FA59D58,VAUXHALL,VAUXHALL VIVA,94_23,0,4091,5377,9510,13720,5223,0,0,0,0,0,1,1,0,1,0,0,1,0,0
305C946F-4CB2-A199-A1A7-1DFF8D2A34D5,VAUXHALL,VAUXHALL VIVARO,94_24,216,387,790,1055,1452,1037,741,840,581,313,62,116,87,82,47,4,2,6,2,0
88F4D00A-A049-57AA-14AA-3674A6A40088,VAUXHALL,VAUXHALL VX220,94_25,0,0,0,0,0,0,0,0,0,0,0,0,0,2,35,36,86,89,28,1
A763FC95-366D-0F00-5797-381478113FB7,VAUXHALL,VAUXHALL VXR8,94_26,0,0,8,7,8,11,12,1,3,0,1,170,92,110,0,0,0,0,0,0
B041695A-4DC2-499A-32C3-60EC9A093661,VAUXHALL,VAUXHALL ZAFIRA,94_27,0,6,4721,10416,11645,14830,28877,30676,19185,17073,24214,15461,27378,26048,20638,14114,12360,7288,4494,2139
C3090CB1-36CB-1665-2975-BE60DE995550,VOLKSWAGEN,VOLKSWAGEN ARTEON,95_2,1521,2510,2181,534,0,0,0,0,0,0,0,0,0,0,0,0,0,0,0,0
F9D15C80-3BDA-172B-5995-724F496442DD,VOLKSWAGEN,VOLKSWAGEN BEETLE,95_3,0,0,905,1483,2273,3285,3699,4482,2262,686,2219,1945,2721,3495,4050,4725,5644,4600,2817,2444
F3E2D3C6-41AB-8213-11E6-39763DD8714D,VOLKSWAGEN,VOLKSWAGEN BORA,95_4,0,0,0,0,0,0,0,0,0,2,7,1,0,1,393,2703,2358,2290,2012,1145
65A408DB-6DCE-827E-0C7D-A14D4DC56B1F,VOLKSWAGEN,VOLKSWAGEN CADDY,95_5,266,1162,2525,2780,2130,2074,1281,1279,1244,1205,934,692,410,65,38,8,3,1,3,0
1797AD82-3D66-8A22-80AF-8AC256AB303D,VOLKSWAGEN,VOLKSWAGEN CADDYMAXI,95_7,1532,1440,3,0,0,55,40,49,14,0,0,0,0,0,0,0,0,0,0,0
244B9B2F-5D85-015C-17C5-03C3C7A76F32,VOLKSWAGEN,VOLKSWAGEN CALIFORNIA,95_9,188,1201,0,1,0,0,0,0,0,1,0,0,0,0,0,0,0,0,0,0
7A5A85D4-6C06-5DD0-A0B6-3FD3795767C6,VOLKSWAGEN,VOLKSWAGEN CARAVELLE,95_11,615,736,60,91,41,565,575,675,820,682,596,388,535,575,566,648,489,83,34,52
9B8020BF-7285-31B5-4AFC-4852319E87B6,VOLKSWAGEN,VOLKSWAGEN CC,95_12,0,0,1,256,1968,2959,3893,3733,3181,1,0,0,0,0,0,0,0,0,0,0
D6A5B684-52EB-858B-0DD2-E3E57F728984,VOLKSWAGEN,VOLKSWAGEN EOS,95_13,0,0,0,0,37,523,332,455,378,1395,2176,1539,3334,4131,1764,0,0,1,0,0
78EFF172-2860-1880-22AB-E22E2AAD3B25,VOLKSWAGEN,VOLKSWAGEN FOX,95_14,0,0,0,0,0,0,0,0,96,2413,3978,2456,2161,2691,1837,0,0,0,0,0
AC54EB2D-5E35-06A2-5D24-B1430599139B,VOLKSWAGEN,VOLKSWAGEN GOLF,95_15,41724,57451,63029,70652,66862,70714,68748,59564,56308,56671,52675,52868,54196,58383,48023,39567,28821,30106,26767,15737
7BE1790E-1D8D-591D-6B2B-A6C39A85A5B6,VOLKSWAGEN,VOLKSWAGEN HIGH UP,95_33,0,507,1119,1732,183,0,0,0,0,0,0,0,0,0,0,0,0,0,0,0
C7207507-9552-1965-13CA-6BF3E01188B8,VOLKSWAGEN,VOLKSWAGEN JETTA,95_18,4,9,31,395,1143,1724,1506,1693,1943,1525,1069,1915,2926,4715,3904,75,11,6,2,0
05980158-0D6D-4AD3-158B-0A4FAFBC53E8,VOLKSWAGEN,VOLKSWAGEN LOOK UP,95_33,0,0,0,4,1219,0,0,0,0,0,0,0,0,0,0,0,0,0,0,0
3AB59ED1-31D1-4437-15CC-EB8F522F947F,VOLKSWAGEN,VOLKSWAGEN LUPO,95_19,0,0,0,0,0,0,0,0,0,0,1,0,0,1,3,545,1440,1464,2245,1657
7126948B-90E9-2A3B-189B-C230257D1626,VOLKSWAGEN,VOLKSWAGEN PASSAT,95_20,5940,7269,11706,14577,16057,17089,16758,14231,16984,21439,15668,17179,16908,18066,14125,10568,8467,7221,4711,2729
AE2824DF-0EEF-835E-0B15-834480785783,VOLKSWAGEN,VOLKSWAGEN PHAETON,95_21,0,0,0,0,0,7,27,90,99,162,98,141,132,144,130,84,62,26,0,0
B7A85E9A-3E44-6728-6B15-F444FBB090B8,VOLKSWAGEN,VOLKSWAGEN POLO,95_22,26210,36314,43389,44732,51815,52347,45125,39453,38569,41599,40550,26297,30123,29503,27773,24740,22975,20201,12835,8287
6B40CC83-3767-66FB-759B-148BB7DB9BA4,VOLKSWAGEN,VOLKSWAGEN SCIROCCO,95_23,0,0,601,4403,5244,5571,3862,4538,4668,6544,7028,6070,1110,1,0,1,33,5,0,0
73849D8B-8E8D-35D2-4940-0B3A93FD5766,VOLKSWAGEN,VOLKSWAGEN SHARAN,95_24,1430,4416,2763,2886,2819,3023,2802,2153,1851,1989,885,760,1072,1564,1606,1775,1244,893,585,284
CFD8A26B-9912-816C-4B3E-409D9117519F,VOLKSWAGEN,VOLKSWAGEN T-CROSS,95_37,7521,6758,0,0,0,0,0,0,0,0,0,0,0,0,0,0,0,0,0,0
A1161A83-1A93-935A-6FC9-D828F1EB0931,VOLKSWAGEN,VOLKSWAGEN TIGUAN,95_26,24794,37182,30636,26625,19237,20860,16098,12827,9620,7370,7435,7250,5388,1,0,0,0,0,0,0
E1C3629B-02FC-6AA2-3673-A933EA092A4F,VOLKSWAGEN,VOLKSWAGEN TOUAREG,95_28,2224,3301,1614,3288,4083,4351,3327,2515,2025,1872,825,1297,1841,2644,2458,1955,1158,324,1,0
9E0F747E-8D27-2E2E-651C-303C620872C2,VOLKSWAGEN,VOLKSWAGEN TOURAN,95_29,2138,2629,3549,3947,3528,3829,4874,5244,5745,6219,5685,6637,6800,8471,7605,6688,4816,833,0,0
0B911864-1E45-8856-55FD-437312B32671,VOLKSWAGEN,VOLKSWAGEN TRANSPORTER,95_30,1020,2219,1642,1253,1226,1128,1089,924,684,700,873,485,1081,1292,95,63,53,22,21,20
700377B5-352F-188B-01AA-245D5F30A152,VOLKSWAGEN,VOLKSWAGEN T-ROC,95_25,16839,21258,15803,16,0,0,0,0,0,0,0,0,0,0,0,0,0,0,0,0
2266F595-9BAA-729F-716E-97391F717DFE,VOLKSWAGEN,VOLKSWAGEN UP,95_33,3302,6939,10060,8701,10441,16280,21475,20066,13854,1,0,0,0,0,0,0,0,0,0,0
AE970AFF-8037-9A69-6F50-6BC34E718708,VOLKSWAGEN,VOLKSWAGEN UP BY,95_33,203,820,1133,2198,850,0,0,0,0,0,0,0,0,0,0,0,0,0,0,0
72F01A50-3BD0-31C9-01A1-CB08235328B9,VOLKSWAGEN,VOLKSWAGEN URBAN,95_14,0,0,0,0,0,0,0,0,5,165,4525,2998,3204,3738,2107,0,0,0,0,0
A4ABC481-4700-77CC-8BF8-D0D9D6590C0D,VOLKSWAGEN,VOLKSWAGEN XL1,95_35,0,0,0,0,0,12,0,0,0,0,0,0,0,0,0,0,0,0,0,0
7D5E7CCD-6FF9-74AC-4CB6-89140AFCA2BC,VOLVO,VOLVO C 30,96_1,0,0,0,0,0,0,0,258,1627,2632,5777,6321,3982,2948,165,0,0,0,0,1
CB1624AE-98F1-223B-4BCF-0A15A78F790F,VOLVO,VOLVO C30,96_1,0,0,0,0,0,0,0,748,1383,794,24,0,2,0,0,0,0,0,0,0
267EC62C-5FD2-7937-2F34-E39E2E0E901B,VOLVO,VOLVO C70,96_2,0,0,0,0,0,0,2,230,280,485,763,990,1284,1395,1315,551,682,647,408,335
C1031C44-A7C1-5743-058A-47130DEE7105,VOLVO,VOLVO S40,96_3,0,0,0,0,0,0,1,39,1424,1736,2599,3260,4364,2979,3007,2995,2360,1466,1015,747
BCE6EE5A-3E92-A2DB-6ABE-E641CD1E6F64,VOLVO,VOLVO S60,96_4,1078,1098,888,1109,1190,1343,1600,1583,2008,2171,775,61,468,896,1547,2214,2054,1886,1386,595
E75C5F85-5AE4-322E-23B9-8FC020108483,VOLVO,VOLVO S70,96_19,0,0,0,0,0,0,0,0,0,1,0,0,2,1,0,0,0,0,1,1
B7BDAA2C-0E0D-1D8C-8E74-9CB4069664CA,VOLVO,VOLVO S80,96_5,0,0,0,0,176,394,388,439,386,458,684,550,903,1075,555,757,766,800,694,482
399D5ADD-2056-50BD-3EFD-64443C7E9DB3,VOLVO,VOLVO S90,96_6,1025,2050,2389,1368,283,0,0,0,0,0,0,0,0,0,0,0,0,0,0,0
67BD6EE4-3DF4-A24F-67DB-E0DE36D287A6,VOLVO,VOLVO V40,96_7,0,8110,12787,13181,15226,15667,16427,11707,2499,0,1,6,1,0,0,2,1537,2079,1525,1150
88831E17-19A2-0798-653B-7CBD24363E9D,VOLVO,VOLVO V50,96_9,0,0,1,0,0,0,0,6,3230,4577,5602,5811,7165,4133,4310,3816,1657,0,0,0
6742A154-49D1-75FA-8664-A28372162D92,VOLVO,VOLVO V60,96_10,2928,4648,3798,3158,3795,3359,3757,3638,4765,2703,252,0,0,0,0,0,0,0,0,1
29F6C43B-74AE-68BA-15EE-D19BB4812686,VOLVO,VOLVO V70,96_12,0,0,1,15,747,1983,1967,1709,1569,2161,3022,4070,3812,3269,3432,4489,4264,3899,3935,2854
E68BC519-1CD3-8524-A66D-2E423E768A9D,VOLVO,VOLVO V90,96_14,2353,4296,3864,2859,429,0,0,0,0,0,0,0,0,0,0,0,0,0,0,1
1EF5BBA1-A3D3-746B-5051-399B78668B7F,VOLVO,VOLVO XC40,96_20,24281,14894,6616,8,0,0,0,0,0,0,0,0,0,0,0,0,0,0,0,0
EC3D4F16-9C1A-7008-1123-BA2F91333B45,VOLVO,VOLVO XC60,96_16,7694,11182,10840,14994,14808,12830,9102,5250,5046,4727,4548,3373,308,0,0,0,0,0,0,0
B3F41540-4450-2350-540F-F06EF40CA6C3,VOLVO,VOLVO XC70,96_17,0,0,0,17,1006,1586,1710,1549,1360,1863,1447,1067,1059,1423,1347,1524,963,626,119,0
DC62E873-0CF9-99FF-9B3E-77FBCAD74493,VOLVO,VOLVO XC90,96_18,4969,7495,6475,5564,5254,2756,2319,2438,3003,4368,6392,3633,1879,3232,3547,4614,3901,1507,0,0
E36EB691-05C0-72EB-5DFD-D259CD9B8842,ZENOS,ZENOS E10,99_1,0,0,0,2,10,7,0,0,0,0,0,0,0,0,0,0,0,0,0,0
